key,category,type,units,s_lower,s_upper,s2_lower,s2_upper,a,b,n,n2,s0,c0,f,K1,K2,K3,K4,K5,form,cost_year,default material,source,notes,Remarks,doi /  link,
gas_permeation_seider_2013,Adsorption & membrane separation,Gas permeation,"membrane surface area, ft^2",,,,,0,51,1,,,,,,,,,,offset power-law,2013,n.a.,Seider et al. (2016) Table 16.32,CE Index = 567 (rounded); precise 2013 annual average = 567.3,f.o.b. purchase cost. Membrane module.,https://www.wiley.com/en-us/shop/general-introductory-chemical-engineering/product-and-process-design-principles-synthesis-analysis-and-evaluation-4th-edition-p-9781119282631,
pervaporation_seider_2013,Adsorption & membrane separation,Pervaporation,"membrane surface area, ft^2",,,,,0,43,1,,,,,,,,,,offset power-law,2013,n.a.,Seider et al. (2016) Table 16.32,CE Index = 567 (rounded); precise 2013 annual average = 567.3,f.o.b. purchase cost. Membrane module.,https://www.wiley.com/en-us/shop/general-introductory-chemical-engineering/product-and-process-design-principles-synthesis-analysis-and-evaluation-4th-edition-p-9781119282631,
psa_kreutz_2002,Adsorption & membrane separation,Pressure-swing adsorber,"purge flow, kmol/s",,,,,0,17566341.61,0.74,,0.294,7.1,0.74,,,,,,offset power-law,2002,n.a.,Kreutz (2002) ,,Overnight capital cost,doi.org/10.1016/j.ijhydene.2004.08.001,
psa_towler_1994,Adsorption & membrane separation,Pressure-swing adsorber,kmol/h, , ,,,19753.8,258.858,1,,,,,,,,,,offset power-law,1994,n.a.,Towler (1994) doi:10.1021/ie950359+,,,https://doi.org/10.1021/ie950359+,
osmosis_brackish_seider_2013,Adsorption & membrane separation,"Reverse osmosis, brackish water","purified water, million gal/day",0.2,14,,,0,3.1,1,,,,,,,,,,offset power-law,2013,n.a.,Seider et al. (2016) Table 16.32,CE Index = 567 (rounded); precise 2013 annual average = 567.3,Bare-module cost,https://www.wiley.com/en-us/shop/general-introductory-chemical-engineering/product-and-process-design-principles-synthesis-analysis-and-evaluation-4th-edition-p-9781119282631,
osmosis_seawater_seider_2013,Adsorption & membrane separation,"Reverse osmosis, seawater","purified water, million gal/day",2,50,,,,,,,,,,0.1258,1.802,0.01775,,,ln-ln quadratic,2013,n.a.,Seider et al. (2016) Table 16.32,CE Index = 567 (rounded); precise 2013 annual average = 567.3,Bare-module cost,https://www.wiley.com/en-us/shop/general-introductory-chemical-engineering/product-and-process-design-principles-synthesis-analysis-and-evaluation-4th-edition-p-9781119282631,
ultrafiltration_high_seider_2013,Adsorption & membrane separation,Ultrafiltration (high estimate),"membrane surface area, ft^2",,,,,0,25,1,,,,,,,,,,offset power-law,2013,n.a.,Seider et al. (2016) Table 16.32,"Original gives a range of 10A to 25A; this row is the high-end coefficient
CE Index = 567 (rounded); precise 2013 annual average = 567.3",f.o.b. purchase cost. Membrane cartridge.,https://www.wiley.com/en-us/shop/general-introductory-chemical-engineering/product-and-process-design-principles-synthesis-analysis-and-evaluation-4th-edition-p-9781119282631,
ultrafiltration_low_seider_2013,Adsorption & membrane separation,Ultrafiltration (low estimate),"membrane surface area, ft^2",,,,,0,10,1,,,,,,,,,,offset power-law,2013,n.a.,Seider et al. (2016) Table 16.32,"Original gives a range of 10A to 25A; this row is the low-end coefficient.
CE Index = 567 (rounded); precise 2013 annual average = 567.3",f.o.b. purchase cost. Membrane cartridge.,https://www.wiley.com/en-us/shop/general-introductory-chemical-engineering/product-and-process-design-principles-synthesis-analysis-and-evaluation-4th-edition-p-9781119282631,
agitator_propeller_closed_vessel_seider_2013,"Agitators, blenders, & mixers","Agitator, propeller, closed vessel","motor power, Hp",1,8,,,0,3740,0.17,,,,,,,,,,offset power-law,2013,n.a.,Seider et al. (2016) Table 16.32,CE Index = 567 (rounded); precise 2013 annual average = 567.3,"f.o.b. purchase cost. Direct coupling to motor, pressures to 150 psig. Includes motor and shaft.",https://www.wiley.com/en-us/shop/general-introductory-chemical-engineering/product-and-process-design-principles-synthesis-analysis-and-evaluation-4th-edition-p-9781119282631,
agitator_propeller_open_tank_seider_2013,"Agitators, blenders, & mixers","Agitator, propeller, open tank","motor power, Hp",1,8,,,0,2610,0.34,,,,,,,,,,offset power-law,2013,n.a.,Seider et al. (2016) Table 16.32,CE Index = 567 (rounded); precise 2013 annual average = 567.3,f.o.b. purchase cost. Direct coupling to motor. Includes motor and shaft.,https://www.wiley.com/en-us/shop/general-introductory-chemical-engineering/product-and-process-design-principles-synthesis-analysis-and-evaluation-4th-edition-p-9781119282631,
agitator_turbine_closed_vessel_seider_2013,"Agitators, blenders, & mixers","Agitator, turbine, closed vessel","motor power, Hp",2,60,,,0,4105,0.57,,,,,,,,,,offset power-law,2013,n.a.,Seider et al. (2016) Table 16.32,CE Index = 567 (rounded); precise 2013 annual average = 567.3,"f.o.b. purchase cost. Includes speed reducer, motor and shaft. Pressures to 150 psig.",https://www.wiley.com/en-us/shop/general-introductory-chemical-engineering/product-and-process-design-principles-synthesis-analysis-and-evaluation-4th-edition-p-9781119282631,
agitator_turbine_open_tank_seider_2013,"Agitators, blenders, & mixers","Agitator, turbine, open tank","motor power, Hp",2,60,,,0,3730,0.54,,,,,,,,,,offset power-law,2013,n.a.,Seider et al. (2016) Table 16.32,CE Index = 567 (rounded); precise 2013 annual average = 567.3,"f.o.b. purchase cost. Includes speed reducer, motor and shaft.",https://www.wiley.com/en-us/shop/general-introductory-chemical-engineering/product-and-process-design-principles-synthesis-analysis-and-evaluation-4th-edition-p-9781119282631,
agitator_turbine_top_entry_closed_perry_1996,"Agitators, blenders, & mixers","Agitator, turbine, top entry, closed",kW,1.5,150,,,,,,,7.5,11100,0.56,,,,,,power-sizing,1996,n.a.,Perry (1997) Table 9-50, Cost escalated to 1996 via M&S Index (1036/1000).,f.o.b cost.,https://books.google.nl/books/about/Perry_s_Chemical_Engineers_Handbook.html?id=n8B7QgAACAAJ&redir_esc=y,
agitator_turbine_top_entry_open_perry_1996,"Agitators, blenders, & mixers","Agitator, turbine, top entry, open",kW,1.5,22.4,,,,,,,7.5,7300,0.45,,,,,,power-sizing,1996,n.a.,Perry (1997) Table 9-50, Cost escalated to 1996 via M&S Index (1036/1000).,f.o.b cost.,https://books.google.nl/books/about/Perry_s_Chemical_Engineers_Handbook.html?id=n8B7QgAACAAJ&redir_esc=y,
impeller_mixer_turton_2001,"Agitators, blenders, & mixers",Impeller mixer,"power, kW",5,150,,,,,,,,,,3.8511,0.7009,-0.0003,,,log-log quadratic,2001,Carbon steel,Turton et al. (2018) Table A.1,,"Purchased cost, ambient pressure",https://richardturton.faculty.wvu.edu/publications/analysis-synthesis-and-design-of-chemical-processes-5th-edition,
kneader_blender_turton_2001,"Agitators, blenders, & mixers",Kneader blender,"volume, m^3",0.14,3,,,,,,,,,,5.0141,0.5867,0.3224,,,log-log quadratic,2001,Carbon steel,Turton et al. (2018) Table A.1,,"Purchased cost, ambient pressure",https://richardturton.faculty.wvu.edu/publications/analysis-synthesis-and-design-of-chemical-processes-5th-edition,
kneader_sigma_double_arm_seider_2013,"Agitators, blenders, & mixers","Kneader, sigma double arm","volume, ft^3",20,380,,,0,18705,0.6,,,,,,,,,,offset power-law,2013,Carbon steel,Seider et al. (2016) Table 16.32,CE Index = 567 (rounded); precise 2013 annual average = 567.3,f.o.b. purchase cost.,https://www.wiley.com/en-us/shop/general-introductory-chemical-engineering/product-and-process-design-principles-synthesis-analysis-and-evaluation-4th-edition-p-9781119282631,
kneader_tilting_double_arm_seider_2013,"Agitators, blenders, & mixers","Kneader, tilting double arm","volume, ft^3",10,56,,,0,2041,0.58,,,,,,,,,,offset power-law,2013,Carbon steel,Seider et al. (2016) Table 16.32,CE Index = 567 (rounded); precise 2013 annual average = 567.3,f.o.b. purchase cost.,https://www.wiley.com/en-us/shop/general-introductory-chemical-engineering/product-and-process-design-principles-synthesis-analysis-and-evaluation-4th-edition-p-9781119282631,
muller_mixer_seider_2013,"Agitators, blenders, & mixers",Muller mixer,"volume, ft^3",10,380,,,0,15875,0.56,,,,,,,,,,offset power-law,2013,Carbon steel,Seider et al. (2016) Table 16.32,CE Index = 567 (rounded); precise 2013 annual average = 567.3,f.o.b. purchase cost.,https://www.wiley.com/en-us/shop/general-introductory-chemical-engineering/product-and-process-design-principles-synthesis-analysis-and-evaluation-4th-edition-p-9781119282631,
propeller_mixer_towler_2010,"Agitators, blenders, & mixers",Propeller mixer,"driver power, kW",5,75,,,17000,1130,1.05,,,,,,,,,,offset power-law,2010,Carbon steel,Towler & Sinnott (2010) Table 7.2,,Purchased cost.,doi.org/10.1016/B978-0-12-821179-3.00007-8,
propeller_mixer_turton_2001,"Agitators, blenders, & mixers",Propeller mixer,"power, kW",5,500,,,,,,,,,,4.3207,0.0359,0.1346,,,log-log quadratic,2001,Carbon steel,Turton et al. (2018) Table A.1,,"Purchased cost, ambient pressure",https://richardturton.faculty.wvu.edu/publications/analysis-synthesis-and-design-of-chemical-processes-5th-edition,
ribbon_blender_turton_2001,"Agitators, blenders, & mixers",Ribbon blender,"volume, m^3",0.7,11,,,,,,,,,,4.1366,0.5072,0.007,,,log-log quadratic,2001,Carbon steel,Turton et al. (2018) Table A.1,,"Purchased cost, ambient pressure",https://richardturton.faculty.wvu.edu/publications/analysis-synthesis-and-design-of-chemical-processes-5th-edition,
ribbon_mixer_seider_2013,"Agitators, blenders, & mixers",Ribbon mixer,"volume, ft^3",25,320,,,0,2438,0.6,,,,,,,,,,offset power-law,2013,Carbon steel,Seider et al. (2016) Table 16.32,CE Index = 567 (rounded); precise 2013 annual average = 567.3,f.o.b. purchase cost.,https://www.wiley.com/en-us/shop/general-introductory-chemical-engineering/product-and-process-design-principles-synthesis-analysis-and-evaluation-4th-edition-p-9781119282631,
rotary_blender_turton_2001,"Agitators, blenders, & mixers",Rotary blender,"volume, m^3",0.7,11,,,,,,,,,,4.1366,0.5072,0.007,,,log-log quadratic,2001,Carbon steel,Turton et al. (2018) Table A.1,,"Purchased cost, ambient pressure",https://richardturton.faculty.wvu.edu/publications/analysis-synthesis-and-design-of-chemical-processes-5th-edition,
spiral_ribbon_mixer_towler_2010,"Agitators, blenders, & mixers",Spiral ribbon mixer,"driver power, kW",5,35,,,30800,125,2,,,,,,,,,,offset power-law,2010,Carbon steel,Towler & Sinnott (2010) Table 7.2,,Purchased cost.,doi.org/10.1016/B978-0-12-821179-3.00007-8,
static_mixer_towler_2010,"Agitators, blenders, & mixers",Static mixer,"flow, L/s",1,50,,,570,1170,0.4,,,,,,,,,,offset power-law,2010,Carbon steel,Towler & Sinnott (2010) Table 7.2,,Purchased cost.,doi.org/10.1016/B978-0-12-821179-3.00007-8,
tumbler_double_cone_seider_2013,"Agitators, blenders, & mixers","Tumbler, double cone","volume, ft^3",50,270,,,0,3856,0.42,,,,,,,,,,offset power-law,2013,Carbon steel,Seider et al. (2016) Table 16.32,CE Index = 567 (rounded); precise 2013 annual average = 567.3,f.o.b. purchase cost.,https://www.wiley.com/en-us/shop/general-introductory-chemical-engineering/product-and-process-design-principles-synthesis-analysis-and-evaluation-4th-edition-p-9781119282631,
tumbler_twin_shell_seider_2013,"Agitators, blenders, & mixers","Tumbler, twin shell","volume, ft^3",35,330,,,0,1700,0.6,,,,,,,,,,offset power-law,2013,Carbon steel,Seider et al. (2016) Table 16.32,CE Index = 567 (rounded); precise 2013 annual average = 567.3,f.o.b. purchase cost.,https://www.wiley.com/en-us/shop/general-introductory-chemical-engineering/product-and-process-design-principles-synthesis-analysis-and-evaluation-4th-edition-p-9781119282631,
turbine_mixer_turton_2001,"Agitators, blenders, & mixers",Turbine mixer,"power, kW",5,150,,,,,,,,,,3.4092,0.4896,0.003,,,log-log quadratic,2001,Carbon steel,Turton et al. (2018) Table A.1,,"Purchased cost, ambient pressure",https://richardturton.faculty.wvu.edu/publications/analysis-synthesis-and-design-of-chemical-processes-5th-edition,
boilers_erected_towler_2010,"Boilers, heaters, & furnaces","Boiler, field erected  (10-70 bar)","steam, kg/h",20000,800000,,,130000,53,0.9,,,,,,,,,,offset power-law,2010,Carbon steel,Towler & Sinnott (2010) Table 7.2,,Purchased cost.,doi.org/10.1016/B978-0-12-821179-3.00007-8,
boilers_packaged_towler_2010,"Boilers, heaters, & furnaces","Boiler, packaged (15-40 bar)","steam, kg/h",5000,200000,,,124000,10,1,,,,,,,,,,offset power-law,2010,Carbon steel,Towler & Sinnott (2010) Table 7.2,,Purchased cost.,doi.org/10.1016/B978-0-12-821179-3.00007-8,
burner_parkinson_2016,"Boilers, heaters, & furnaces",Burner,"vessel volume, m^3",,,,,0,12687.86748,0.6,,81.3,0.1776,0.6,,,,,,offset power-law,2016,n.a.,Parkinson (2016) ,,,doi:10.1002/ceat.201600414 / doi.org/10.1016/j.ijhydene.2020.11.079,
diphenyl_heater_turton_2001,"Boilers, heaters, & furnaces",Diphenyl heater,"duty, kW",650,10750,,,,,,,,,,2.2628,0.8581,0.0003,,,log-log quadratic,2001,Carbon steel,Turton et al. (2018) Table A.1,,"Purchased cost, ambient pressure",https://richardturton.faculty.wvu.edu/publications/analysis-synthesis-and-design-of-chemical-processes-5th-edition,
dowtherm_a_heater_seider_2013,"Boilers, heaters, & furnaces",Dowtherm A heater,"heat absorbed, Btu/hr",500000,70000000,,,0,14.45,0.65,,,,,,,,,,offset power-law,2013,n.a.,Seider et al. (2016) Table 16.32,CE Index = 567 (rounded); precise 2013 annual average = 567.3,f.o.b. purchase cost.,https://www.wiley.com/en-us/shop/general-introductory-chemical-engineering/product-and-process-design-principles-synthesis-analysis-and-evaluation-4th-edition-p-9781119282631,
electric_arc_furnace_parkinson_2016,"Boilers, heaters, & furnaces",Electric arc furnace,"net electric power, MWe",,,,,0,2202687.19,0.6,,175,48.84,0.6,,,,,,offset power-law,2016,n.a.,Parkinson (2016),,,doi:10.1002/ceat.201600414 / doi.org/10.1016/j.ijhydene.2020.11.079,
box_furnace_towler_2010,"Boilers, heaters, & furnaces","Furnace, box","duty, kW",30,120,,,43000,111000,0.8,,,,,,,,,,offset power-law,2010,Carbon steel,Towler & Sinnott (2010) Table 7.2,,Purchased cost.,doi.org/10.1016/B978-0-12-821179-3.00007-8,
cylindrical_furnace_towler_2010,"Boilers, heaters, & furnaces","Furnace, cylindrical","duty, kW",0.2,60,,,80000,109000,0.8,,,,,,,,,,offset power-law,2010,Carbon steel,Towler & Sinnott (2010) Table 7.2,,Purchased cost.,doi.org/10.1016/B978-0-12-821179-3.00007-8,
gas-fired_heater_seider_2013,"Boilers, heaters, & furnaces",Gas-fired heater,"heat duty, Btu/hr",10000000,500000000,,,,,,,,,,-0.15241,0.785,0,,,ln-ln quadratic,2013,Carbon steel,Seider et al. (2016) Section 16.5,"CE Index = 567 (rounded); precise 2013 annual average = 567.3. Source also provides correction for pressure, alongside material correction.",f.o.b. purchase cost. Pressures up to 500 psig.,https://www.wiley.com/en-us/shop/general-introductory-chemical-engineering/product-and-process-design-principles-synthesis-analysis-and-evaluation-4th-edition-p-9781119282631,
hot_water_heater_turton_2001,"Boilers, heaters, & furnaces",Hot water heater,"duty, kW",650,10750,,,,,,,,,,2.0829,0.9074,-0.0243,,,log-log quadratic,2001,Carbon steel,Turton et al. (2018) Table A.1,,"Purchased cost, ambient pressure",https://richardturton.faculty.wvu.edu/publications/analysis-synthesis-and-design-of-chemical-processes-5th-edition,
hot_water_heater_fired_seider_2013,"Boilers, heaters, & furnaces",Hot water heater,"heat absorbed, Btu/hr",500000,70000000,,,,,,,,,,9.7188,-0.3769,0.3434,,,ln-ln quadratic,2013,n.a.,Seider et al. (2016) Table 16.32,CE Index = 567 (rounded); precise 2013 annual average = 567.3,f.o.b. purchase cost.,https://www.wiley.com/en-us/shop/general-introductory-chemical-engineering/product-and-process-design-principles-synthesis-analysis-and-evaluation-4th-edition-p-9781119282631,
kettle_jacketed_glass_lined_perry_1996,"Boilers, heaters, & furnaces","Kettle, jacketed, glass-lined",m^3,0.2,3.8,,,,,,,0.38,54908,0.48,,,,,,power-sizing,1996,n.a.,Perry (1997) Table 9-50, Cost escalated to 1996 via M&S Index (1036/1000).,f.o.b cost.,https://books.google.nl/books/about/Perry_s_Chemical_Engineers_Handbook.html?id=n8B7QgAACAAJ&redir_esc=y,
molten_salt_heater_turton_2001,"Boilers, heaters, & furnaces",Molten salt heater,"duty, kW",650,10750,,,,,,,,,,1.1979,1.4782,-0.0958,,,log-log quadratic,2001,Carbon steel,Turton et al. (2018) Table A.1,,"Purchased cost, ambient pressure",https://richardturton.faculty.wvu.edu/publications/analysis-synthesis-and-design-of-chemical-processes-5th-edition,
molten_salt_silicon_oil_heater_seider_2013,"Boilers, heaters, & furnaces","Molten salt, mineral & silicon oil heater","heat absorbed, Btu/hr",500000,70000000,,,0,13.97,0.64,,,,,,,,,,offset power-law,2013,n.a.,Seider et al. (2016) Table 16.32,CE Index = 567 (rounded); precise 2013 annual average = 567.3,f.o.b. purchase cost.,https://www.wiley.com/en-us/shop/general-introductory-chemical-engineering/product-and-process-design-principles-synthesis-analysis-and-evaluation-4th-edition-p-9781119282631,
nonreactive_fired_heater_turton_2001,"Boilers, heaters, & furnaces",Nonreactive fired heater,"duty, kW",1000,100000,,,,,,,,,,7.3488,-1.1666,0.2028,,,log-log quadratic,2001,Carbon steel,Turton et al. (2018) Table A.1,,"Purchased cost, ambient pressure",https://richardturton.faculty.wvu.edu/publications/analysis-synthesis-and-design-of-chemical-processes-5th-edition,
pyrolysis_furnace_turton_2001,"Boilers, heaters, & furnaces",Pyrolysis furnace,"duty, kW",3000,100000,,,,,,,,,,2.3859,0.9721,-0.0206,,,log-log quadratic,2001,Carbon steel,Turton et al. (2018) Table A.1,,"Purchased cost, ambient pressure",https://richardturton.faculty.wvu.edu/publications/analysis-synthesis-and-design-of-chemical-processes-5th-edition,
pyrolysis_furnace_ulrich_2003,"Boilers, heaters, & furnaces",Pyrolysis furnace,"duty, kW",2900,60000,,,12158.694,277.701,0.837,,,,,,,,,,offset power-law,2003,n.a.,Ulrich (2003),,,http://www.ulrichvasudesign.com/index.html,
pyrolysis_furnace_seider_2013,"Boilers, heaters, & furnaces",Pyrolysis furnace,"heat absorbed, Btu/hr",10000000,500000000,,,0,0.737,0.81,,,,,,,,,,offset power-law,2013,Carbon steel,Seider et al. (2016) Table 16.32,CE Index = 567 (rounded); precise 2013 annual average = 567.3,f.o.b. purchase cost. Pressure to 10 atm.,https://www.wiley.com/en-us/shop/general-introductory-chemical-engineering/product-and-process-design-principles-synthesis-analysis-and-evaluation-4th-edition-p-9781119282631,
reformer_furnace_turton_2001,"Boilers, heaters, & furnaces",Reformer furnace,"duty, kW",3000,100000,,,,,,,,,,3.068,0.6597,0.0194,,,log-log quadratic,2001,Carbon steel,Turton et al. (2018) Table A.1,,"Purchased cost, ambient pressure",https://richardturton.faculty.wvu.edu/publications/analysis-synthesis-and-design-of-chemical-processes-5th-edition,
reformer_furnace_seider_2013,"Boilers, heaters, & furnaces",Reformer furnace,"heat absorbed, Btu/hr",10000000,50000000,,,0,0.974,0.81,,,,,,,,,,offset power-law,2013,Carbon steel,Seider et al. (2016) Table 16.32,CE Index = 567 (rounded); precise 2013 annual average = 567.3,f.o.b. purchase cost. Pressure to 10 atm.,https://www.wiley.com/en-us/shop/general-introductory-chemical-engineering/product-and-process-design-principles-synthesis-analysis-and-evaluation-4th-edition-p-9781119282631,
steam_boiler_turton_2001,"Boilers, heaters, & furnaces",Steam boiler,"duty, kW",1200,9400,,,,,,,,,,6.9617,-1.48,0.3161,,,log-log quadratic,2001,Carbon steel,Turton et al. (2018) Table A.1,,"Purchased cost, ambient pressure",https://richardturton.faculty.wvu.edu/publications/analysis-synthesis-and-design-of-chemical-processes-5th-edition,
steam_boiler_seider_2013,"Boilers, heaters, & furnaces",Steam boiler,"heat absorbed, Btu/hr",500000,70000000,,,0,0.416,0.77,,,,,,,,,,offset power-law,2013,Carbon steel,Seider et al. (2016) Table 16.32,CE Index = 567 (rounded); precise 2013 annual average = 567.3,f.o.b. purchase cost. Pressure to 20 atm.,https://www.wiley.com/en-us/shop/general-introductory-chemical-engineering/product-and-process-design-principles-synthesis-analysis-and-evaluation-4th-edition-p-9781119282631,
atmospheric_suspended_basket_centrifuge_towler_2010,Centrifuges,Atmospheric suspended basket,"power, kW",2,20,,,65000,750,1.5,,,,,,,,,,offset power-law,2010,Carbon steel,Towler & Sinnott (2010) Table 7.2,,Purchased cost.,doi.org/10.1016/B978-0-12-821179-3.00007-8,
auto_batch_separator_turton_2001,Centrifuges,Auto batch separator,"diameter, m",0.5,1.7,,,,,,,,,,4.7681,0.974,0.024,,,log-log quadratic,2001,Carbon steel,Turton et al. (2018) Table A.1,,"Purchased cost, ambient pressure",https://richardturton.faculty.wvu.edu/publications/analysis-synthesis-and-design-of-chemical-processes-5th-edition,
automatic_batch_horizontal_perry_1996,Centrifuges,"Automatic batch, horizontal","m^2, filter area",0.65,7.43,,,,,,,1.86,103600,0.65,,,,,,power-sizing,1996,Carbon steel,Perry (1997) Table 9-50, Cost escalated to 1996 via M&S Index (1036/1000).,f.o.b cost.,https://books.google.nl/books/about/Perry_s_Chemical_Engineers_Handbook.html?id=n8B7QgAACAAJ&redir_esc=y,
batch_bottom_drive_vert_basket_seider_2013,Centrifuges,"Batch, bottom-drive, vertical basket","bowl diameter, in.",20,43,,,0,975,1,,,,,,,,,,offset power-law,2013,Stainless steel,Seider et al. (2016) Table 16.32,CE Index = 567 (rounded); precise 2013 annual average = 567.3 Default material 'Stainless steel' (unspecified grade) uses the 304 stainless steel material factor (fm=1.3) in Equipment.,f.o.b. purchase cost. Stainless steel.,https://www.wiley.com/en-us/shop/general-introductory-chemical-engineering/product-and-process-design-principles-synthesis-analysis-and-evaluation-4th-edition-p-9781119282631,
batch_top_drive_vert_basket_seider_2013,Centrifuges,"Batch, top-drive, vertical basket","bowl diameter, in.",20,43,,,0,2270,0.95,,,,,,,,,,offset power-law,2013,Stainless steel,Seider et al. (2016) Table 16.32,CE Index = 567 (rounded); precise 2013 annual average = 567.3 Default material 'Stainless steel' (unspecified grade) uses the 304 stainless steel material factor (fm=1.3) in Equipment.,f.o.b. purchase cost. Stainless steel.,https://www.wiley.com/en-us/shop/general-introductory-chemical-engineering/product-and-process-design-principles-synthesis-analysis-and-evaluation-4th-edition-p-9781119282631,
centrifugal_separator_turton_2001,Centrifuges,Centrifugal separator,"diameter, m",0.5,1,,,,,,,,,,4.3612,0.8764,-0.0049,,,log-log quadratic,2001,Carbon steel,Turton et al. (2018) Table A.1,,"Purchased cost, ambient pressure",https://richardturton.faculty.wvu.edu/publications/analysis-synthesis-and-design-of-chemical-processes-5th-edition,
continuous_reciprocating_pusher_seider_2013,Centrifuges,Continuous reciprocating pusher,tons solids/hr,1,20,,,0,170100,0.3,,,,,,,,,,offset power-law,2013,Stainless steel,Seider et al. (2016) Table 16.32,CE Index = 567 (rounded); precise 2013 annual average = 567.3 Default material 'Stainless steel' (unspecified grade) uses the 304 stainless steel material factor (fm=1.3) in Equipment.,f.o.b. purchase cost. Stainless steel.,https://www.wiley.com/en-us/shop/general-introductory-chemical-engineering/product-and-process-design-principles-synthesis-analysis-and-evaluation-4th-edition-p-9781119282631,
continuous_scroll_solid_bowl_seider_2013,Centrifuges,Continuous scroll solid bowl,tons solids/hr,2,40,,,0,68040,0.5,,,,,,,,,,offset power-law,2013,Stainless steel,Seider et al. (2016) Table 16.32,CE Index = 567 (rounded); precise 2013 annual average = 567.3 Default material 'Stainless steel' (unspecified grade) uses the 304 stainless steel material factor (fm=1.3) in Equipment.,f.o.b. purchase cost. Stainless steel.,https://www.wiley.com/en-us/shop/general-introductory-chemical-engineering/product-and-process-design-principles-synthesis-analysis-and-evaluation-4th-edition-p-9781119282631,
high_speed_disk_centrifuge_towler_2010,Centrifuges,High-speed disk,"diameter, m",0.26,0.49,,,57000,480000,0.7,,,,,,,,,,offset power-law,2010,Carbon steel,Towler & Sinnott (2010) Table 7.2,,Purchased cost.,doi.org/10.1016/B978-0-12-821179-3.00007-8,
horizontal_auto_batch_seider_2013,Centrifuges,Horizontal auto-batch,"bowl diameter, in.",20,43,,,0,2440,1.11,,,,,,,,,,offset power-law,2013,Stainless steel,Seider et al. (2016) Table 16.32,CE Index = 567 (rounded); precise 2013 annual average = 567.3 Default material 'Stainless steel' (unspecified grade) uses the 304 stainless steel material factor (fm=1.3) in Equipment.,f.o.b. purchase cost. Stainless steel.,https://www.wiley.com/en-us/shop/general-introductory-chemical-engineering/product-and-process-design-principles-synthesis-analysis-and-evaluation-4th-edition-p-9781119282631,
oscillating_screen_turton_2001,Centrifuges,Oscillating screen,"diameter, m",0.5,1.1,,,,,,,,,,4.86,0.334,0.1063,,,log-log quadratic,2001,Carbon steel,Turton et al. (2018) Table A.1,,"Purchased cost, ambient pressure",https://richardturton.faculty.wvu.edu/publications/analysis-synthesis-and-design-of-chemical-processes-5th-edition,
solid_bowl_centrifuge_without_motor_turton_2001,Centrifuges,"Solid bowl, without motor","diameter, m",0.3,2,,,,,,,,,,4.9697,1.1689,0.0038,,,log-log quadratic,2001,Carbon steel,Turton et al. (2018) Table A.1,,"Purchased cost, ambient pressure",https://richardturton.faculty.wvu.edu/publications/analysis-synthesis-and-design-of-chemical-processes-5th-edition,
vertical_auto_batch_seider_2013,Centrifuges,Vertical auto-batch,"bowl diameter, in.",20,70,,,0,6180,0.94,,,,,,,,,,offset power-law,2013,Stainless steel,Seider et al. (2016) Table 16.32,CE Index = 567 (rounded); precise 2013 annual average = 567.3 Default material 'Stainless steel' (unspecified grade) uses the 304 stainless steel material factor (fm=1.3) in Equipment.,f.o.b. purchase cost. Stainless steel.,https://www.wiley.com/en-us/shop/general-introductory-chemical-engineering/product-and-process-design-principles-synthesis-analysis-and-evaluation-4th-edition-p-9781119282631,
mea_ccs_technology_2011,CO2 capture,MEA CCS technology,kg/s,,,,,0,2173693.911,0.8,,38.4,40.2405,0.8,,,,,,offset power-law,2011,n.a.,NREL (2011),,,https://docs.nrel.gov/docs/fy06osti/39947.pdf,
air_blower_manzolini_2006,Compressors & blowers,Air blower,"electric power, MWe",,,,,0,289800,0.67,,1,0.2898,0.67,,,,,,offset power-law,2006,n.a.,Manzolini (2011) ,,,doi:10.1016/j.ijggc.2012.06.021,
centrifugal_turbo_blower_seider_2013,Compressors & blowers,Centrifugal (turbo) blower,"horsepower, hp",5,1000,,,,,,,,,,7.0187,0.79,0,,,ln-ln quadratic,2013,Cast iron,Seider et al. (2016) Section 16.5,CE Index = 567 (rounded); precise 2013 annual average = 567.3.,f.o.b. purchase cost. Includes an electric motor drive. Compression ratio up to 2. Uses sheet metal blades.,https://www.wiley.com/en-us/shop/general-introductory-chemical-engineering/product-and-process-design-principles-synthesis-analysis-and-evaluation-4th-edition-p-9781119282631,
centrifugal_compressor_electric_motor_seider_2013,Compressors & blowers,"Centrifugal compressor, electric motor drive","consumed power, horsepower, hp",200,30000,,,,,,,,,,9.1553,0.63,0,,,ln-ln quadratic,2013,Carbon steel,Seider et al. (2016) Section 16.6,CE Index = 567 (rounded); precise 2013 annual average = 567.3.,f.o.b. purchase cost. Includes an electric motor drive.,https://www.wiley.com/en-us/shop/general-introductory-chemical-engineering/product-and-process-design-principles-synthesis-analysis-and-evaluation-4th-edition-p-9781119282631,
centrifugal_compressor_gas_turbine_seider_2013,Compressors & blowers,"Centrifugal compressor, gas turbine drive","consumed power, horsepower, hp",200,30000,,,,,,,,,,9.378443551,0.63,0,,,ln-ln quadratic,2013,Carbon steel,Seider et al. (2016) Section 16.8,"CE Index = 567 (rounded); precise 2013 annual average = 567.3. Cost adapted from the base equipment (Eq. 16.36) with Driver Factor = 1.255 applied, adjusted to the ln-ln quadratic form.",f.o.b. purchase cost. Includes a gas turbine drive.,https://www.wiley.com/en-us/shop/general-introductory-chemical-engineering/product-and-process-design-principles-synthesis-analysis-and-evaluation-4th-edition-p-9781119282631,
centrifugal_compressor_steam_turbine_seider_2013,Compressors & blowers,"Centrifugal compressor, steam turbine drive","consumed power, horsepower, hp",200,30000,,,,,,,,,,9.295061942,0.63,0,,,ln-ln quadratic,2013,Carbon steel,Seider et al. (2016) Section 16.7,"CE Index = 567 (rounded); precise 2013 annual average = 567.3. Cost adapted from the base equipment (Eq. 16.36) with Driver Factor = 1.15 applied, adjusted to the ln-ln quadratic form.",f.o.b. purchase cost. Includes a steam turbine drive.,https://www.wiley.com/en-us/shop/general-introductory-chemical-engineering/product-and-process-design-principles-synthesis-analysis-and-evaluation-4th-edition-p-9781119282631,
centrifugal_backward_curved_fan_head_16-30_seider_2013,Compressors & blowers,"Centrifugal, backward curved fan, head 16-30 in. H2O","Flow rate gas entering fan, ACFM",1000,100000,,,,,,,,,,11.78676356,-1.3805,0.1139,,,ln-ln quadratic,2013,Carbon steel,Seider et al. (2016) Section 16.5,"CE Index = 567 (rounded); precise 2013 annual average = 567.3. Cost adapted from the base equipment (Eq. 16.25) with Head Factor = 1.45 applied, adjusted to the ln-ln quadratic form.",f.o.b. purchase cost. Includes an electric motor drive.,https://www.wiley.com/en-us/shop/general-introductory-chemical-engineering/product-and-process-design-principles-synthesis-analysis-and-evaluation-4th-edition-p-9781119282631,
centrifugal_backward_curved_fan_head_31-40_seider_2013,Compressors & blowers,"Centrifugal, backward curved fan, head 31-40 in. H2O","Flow rate gas entering fan, ACFM",1000,100000,,,,,,,,,,11.85345493,-1.3805,0.1139,,,ln-ln quadratic,2013,Carbon steel,Seider et al. (2016) Section 16.5,"CE Index = 567 (rounded); precise 2013 annual average = 567.3. Cost adapted from the base equipment (Eq. 16.25) with Head Factor = 1.55 applied, adjusted to the ln-ln quadratic form.",f.o.b. purchase cost. Includes an electric motor drive.,https://www.wiley.com/en-us/shop/general-introductory-chemical-engineering/product-and-process-design-principles-synthesis-analysis-and-evaluation-4th-edition-p-9781119282631,
centrifugal_backward_curved_fan_head__5-8_seider_2013,Compressors & blowers,"Centrifugal, backward curved fan, head 5-8 in. H2O","Flow rate gas entering fan, ACFM",1000,100000,,,,,,,,,,11.55496194,-1.3805,0.1139,,,ln-ln quadratic,2013,Carbon steel,Seider et al. (2016) Section 16.5,"CE Index = 567 (rounded); precise 2013 annual average = 567.3. Cost adapted from the base equipment (Eq. 16.25) with Head Factor = 1.15 applied, adjusted to the ln-ln quadratic form.",f.o.b. purchase cost. Includes an electric motor drive.,https://www.wiley.com/en-us/shop/general-introductory-chemical-engineering/product-and-process-design-principles-synthesis-analysis-and-evaluation-4th-edition-p-9781119282631,
centrifugal_backward_curved_fan_head_9-15_seider_2013,Compressors & blowers,"Centrifugal, backward curved fan, head 9-15 in. H2O","Flow rate gas entering fan, ACFM",1000,100000,,,,,,,,,,11.67756426,-1.3805,0.1139,,,ln-ln quadratic,2013,Carbon steel,Seider et al. (2016) Section 16.5,"CE Index = 567 (rounded); precise 2013 annual average = 567.3. Cost adapted from the base equipment (Eq. 16.25) with Head Factor = 1.30 applied, adjusted to the ln-ln quadratic form.",f.o.b. purchase cost. Includes an electric motor drive.,https://www.wiley.com/en-us/shop/general-introductory-chemical-engineering/product-and-process-design-principles-synthesis-analysis-and-evaluation-4th-edition-p-9781119282631,
centrifugal_backward_curved_fan_head_less_4_seider_2013,Compressors & blowers,"Centrifugal, backward curved fan, head less than 4 in. H2O","Flow rate gas entering fan, ACFM",1000,100000,,,,,,,,,,11.4152,-1.3805,0.1139,,,ln-ln quadratic,2013,Carbon steel,Seider et al. (2016) Section 16.5,CE Index = 567 (rounded); precise 2013 annual average = 567.3.,f.o.b. purchase cost. Includes an electric motor drive.,https://www.wiley.com/en-us/shop/general-introductory-chemical-engineering/product-and-process-design-principles-synthesis-analysis-and-evaluation-4th-edition-p-9781119282631,
centrifugal_straight_radial_fan_head_16-30_seider_2013,Compressors & blowers,"Centrifugal, straight radial fan, head 16-30 in. H2O","Flow rate gas entering fan, ACFM",1000,20000,,,,,,,,,,12.53826356,-1.6407,0.1328,,,ln-ln quadratic,2013,Carbon steel,Seider et al. (2016) Section 16.5,"CE Index = 567 (rounded); precise 2013 annual average = 567.3. Cost adapted from the base equipment (Eq. 16.26) with Head Factor = 1.45 applied, adjusted to the ln-ln quadratic form.",f.o.b. purchase cost. Includes an electric motor drive.,https://www.wiley.com/en-us/shop/general-introductory-chemical-engineering/product-and-process-design-principles-synthesis-analysis-and-evaluation-4th-edition-p-9781119282631,
centrifugal_straight_radial_fan_head__5-8_seider_2013,Compressors & blowers,"Centrifugal, straight radial fan, head 5-8 in. H2O","Flow rate gas entering fan, ACFM",1000,20000,,,,,,,,,,12.30646194,-1.6407,0.1328,,,ln-ln quadratic,2013,Carbon steel,Seider et al. (2016) Section 16.5,"CE Index = 567 (rounded); precise 2013 annual average = 567.3. Cost adapted from the base equipment (Eq. 16.26) with Head Factor = 1.15 applied, adjusted to the ln-ln quadratic form.",f.o.b. purchase cost. Includes an electric motor drive.,https://www.wiley.com/en-us/shop/general-introductory-chemical-engineering/product-and-process-design-principles-synthesis-analysis-and-evaluation-4th-edition-p-9781119282631,
centrifugal_straight_radial_fan_head_9-15_seider_2013,Compressors & blowers,"Centrifugal, straight radial fan, head 9-15 in. H2O","Flow rate gas entering fan, ACFM",1000,20000,,,,,,,,,,12.42906426,-1.6407,0.1328,,,ln-ln quadratic,2013,Carbon steel,Seider et al. (2016) Section 16.5,"CE Index = 567 (rounded); precise 2013 annual average = 567.3. Cost adapted from the base equipment (Eq. 16.26) with Head Factor = 1.30 applied, adjusted to the ln-ln quadratic form.",f.o.b. purchase cost. Includes an electric motor drive.,https://www.wiley.com/en-us/shop/general-introductory-chemical-engineering/product-and-process-design-principles-synthesis-analysis-and-evaluation-4th-edition-p-9781119282631,
centrifugal_straight_radial_fan_head_less_4_seider_2013,Compressors & blowers,"Centrifugal, straight radial fan, head less than 4 in. H2O","Flow rate gas entering fan, ACFM",1000,20000,,,,,,,,,,12.1667,-1.6407,0.1328,,,ln-ln quadratic,2013,Carbon steel,Seider et al. (2016) Section 16.5,CE Index = 567 (rounded); precise 2013 annual average = 567.3.,f.o.b. purchase cost. Includes an electric motor drive.,https://www.wiley.com/en-us/shop/general-introductory-chemical-engineering/product-and-process-design-principles-synthesis-analysis-and-evaluation-4th-edition-p-9781119282631,
co2_compressor_manzolini_2011,Compressors & blowers,CO2 compressor,"electric power, MWe",,,,,0,2480252.151,0.67,,13,13.8305,0.67,,,,,,offset power-law,2011,n.a.,Manzolini (2011) ,,,doi:10.1016/j.ijggc.2012.06.021,
h2_compressor_pandolfo_1987,Compressors & blowers,H2 compressor,"electric power, MWe",,,,,0,1200,0.82,,1,0.0012,0.82,,,,,,offset power-law,1987,n.a.,Leal Perez (2021),,,doi.org/10.1016/j.ijhydene.2020.11.079,
propeller_fan_seider_2023,Compressors & blowers,"Propeller fan, head less than 4 in. H2O","Flow rate gas entering fan, ACFM",1000,15000,,,,,,,,,,6.16328,-0.28635,0.04866,,,ln-ln quadratic,2013,Carbon steel,Seider et al. (2016) Section 16.5,CE Index = 567 (rounded); precise 2013 annual average = 567.3.,f.o.b. purchase cost. Includes an electric motor drive.,https://www.wiley.com/en-us/shop/general-introductory-chemical-engineering/product-and-process-design-principles-synthesis-analysis-and-evaluation-4th-edition-p-9781119282631,
reciprocating_compressor_electric_motor_seider_2013,Compressors & blowers,"Reciprocating compressor, electric motor drive","consumed power, horsepower, hp",100,20000,,,,,,,,,,4.6762,1.23,0,,,ln-ln quadratic,2013,Carbon steel,Seider et al. (2016) Section 16.9,CE Index = 567 (rounded); precise 2013 annual average = 567.3.,f.o.b. purchase cost. Includes an electric motor drive.,https://www.wiley.com/en-us/shop/general-introductory-chemical-engineering/product-and-process-design-principles-synthesis-analysis-and-evaluation-4th-edition-p-9781119282631,
reciprocating_compressor_gas_turbine_seider_2013,Compressors & blowers,"Reciprocating compressor, gas turbine drive","consumed power, horsepower, hp",100,20000,,,,,,,,,,4.899343551,1.23,0,,,ln-ln quadratic,2013,Carbon steel,Seider et al. (2016) Section 16.11,"CE Index = 567 (rounded); precise 2013 annual average = 567.3. Cost adapted from the base equipment (Eq. 16.37) with Driver Factor = 1.255 applied, adjusted to the ln-ln quadratic form.",f.o.b. purchase cost. Includes a gas turbine drive.,https://www.wiley.com/en-us/shop/general-introductory-chemical-engineering/product-and-process-design-principles-synthesis-analysis-and-evaluation-4th-edition-p-9781119282631,
reciprocating_compressor_steam_turbine_seider_2013,Compressors & blowers,"Reciprocating compressor, steam turbine drive","consumed power, horsepower, hp",100,20000,,,,,,,,,,4.815961942,1.23,0,,,ln-ln quadratic,2013,Carbon steel,Seider et al. (2016) Section 16.10,"CE Index = 567 (rounded); precise 2013 annual average = 567.3. Cost adapted from the base equipment (Eq. 16.37) with Driver Factor = 1.15 applied, adjusted to the ln-ln quadratic form.",f.o.b. purchase cost. Includes a steam turbine drive.,https://www.wiley.com/en-us/shop/general-introductory-chemical-engineering/product-and-process-design-principles-synthesis-analysis-and-evaluation-4th-edition-p-9781119282631,
rotary_straight_lobe_seider_2013,Compressors & blowers,Rotary straight-lobe blower,"horsepower, hp",1,1000,,,,,,,,,,7.71751,0.7932,-0.0129,,,ln-ln quadratic,2013,Cast iron,Seider et al. (2016) Section 16.5,CE Index = 567 (rounded); precise 2013 annual average = 567.3.,f.o.b. purchase cost. Includes an electric motor drive. Compression ratio up to 2.,https://www.wiley.com/en-us/shop/general-introductory-chemical-engineering/product-and-process-design-principles-synthesis-analysis-and-evaluation-4th-edition-p-9781119282631,
screw_compressor_electric_motor_seider_2013,Compressors & blowers,"Screw compressor, electric motor drive","consumed power, horsepower, hp",10,750,,,,,,,,,,8.2496,0.7243,0,,,ln-ln quadratic,2013,Carbon steel,Seider et al. (2016) Section 16.12,CE Index = 567 (rounded); precise 2013 annual average = 567.3.,f.o.b. purchase cost. Includes an electric motor drive.,https://www.wiley.com/en-us/shop/general-introductory-chemical-engineering/product-and-process-design-principles-synthesis-analysis-and-evaluation-4th-edition-p-9781119282631,
screw_compressor_gas_turbine_seider_2013,Compressors & blowers,"Screw compressor, gas turbine drive","consumed power, horsepower, hp",10,750,,,,,,,,,,8.472743551,0.7243,0,,,ln-ln quadratic,2013,Carbon steel,Seider et al. (2016) Section 16.14,"CE Index = 567 (rounded); precise 2013 annual average = 567.3. Cost adapted from the base equipment (Eq. 16.38) with Driver Factor = 1.255 applied, adjusted to the ln-ln quadratic form.",f.o.b. purchase cost. Includes a gas turbine drive.,https://www.wiley.com/en-us/shop/general-introductory-chemical-engineering/product-and-process-design-principles-synthesis-analysis-and-evaluation-4th-edition-p-9781119282631,
screw_compressor_steam_turbine_seider_2013,Compressors & blowers,"Screw compressor, steam turbine drive","consumed power, horsepower, hp",10,750,,,,,,,,,,8.389361942,0.7243,0,,,ln-ln quadratic,2013,Carbon steel,Seider et al. (2016) Section 16.13,"CE Index = 567 (rounded); precise 2013 annual average = 567.3. Cost adapted from the base equipment (Eq. 16.38) with Driver Factor = 1.15 applied, adjusted to the ln-ln quadratic form.",f.o.b. purchase cost. Includes a steam turbine drive.,https://www.wiley.com/en-us/shop/general-introductory-chemical-engineering/product-and-process-design-principles-synthesis-analysis-and-evaluation-4th-edition-p-9781119282631,
vane_axial_fan_head__5-8_seider_2013,Compressors & blowers,"Vane-axial fan, head 5-8 in. H2O","Flow rate gas entering fan, ACFM",1000,800000,,,,,,,,,,9.788461942,-0.97566,0.08532,,,ln-ln quadratic,2013,Carbon steel,Seider et al. (2016) Section 16.5,"CE Index = 567 (rounded); precise 2013 annual average = 567.3. Cost adapted from the base equipment (Eq. 16.27) with Head Factor = 1.15 applied, adjusted to the ln-ln quadratic form.",f.o.b. purchase cost. Includes an electric motor drive.,https://www.wiley.com/en-us/shop/general-introductory-chemical-engineering/product-and-process-design-principles-synthesis-analysis-and-evaluation-4th-edition-p-9781119282631,
vane_axial_fan_head_9-15_seider_2013,Compressors & blowers,"Vane-axial fan, head 9-15 in. H2O","Flow rate gas entering fan, ACFM",1000,800000,,,,,,,,,,10.05082621,-0.97566,0.08532,,,ln-ln quadratic,2013,Carbon steel,Seider et al. (2016) Section 16.5,"CE Index = 567 (rounded); precise 2013 annual average = 567.3. Cost adapted from the base equipment (Eq. 16.2) with Head Factor = 1.30 applied, adjusted to the ln-ln quadratic form.",f.o.b. purchase cost. Includes an electric motor drive.,https://www.wiley.com/en-us/shop/general-introductory-chemical-engineering/product-and-process-design-principles-synthesis-analysis-and-evaluation-4th-edition-p-9781119282631,
vane_axial_fan_head_less_4_seider_2013,Compressors & blowers,"Vane-axial fan, head less than 4 in. H2O","Flow rate gas entering fan, ACFM",1000,800000,,,,,,,,,,9.6487,-0.97566,0.08532,,,ln-ln quadratic,2013,Carbon steel,Seider et al. (2016) Section 16.5,CE Index = 567 (rounded); precise 2013 annual average = 567.3.,f.o.b. purchase cost. Includes an electric motor drive.,https://www.wiley.com/en-us/shop/general-introductory-chemical-engineering/product-and-process-design-principles-synthesis-analysis-and-evaluation-4th-edition-p-9781119282631,
axial_tube_fan_turton_2001,"Compressors, fans, & blowers",Axial tube fan,"gas flowrate, m3/s",1,100,,,,,,,,,,3.0414,-0.3375,0.4722,,,log-log quadratic,2001,Carbon steel,Turton et al. (2018) Table A.1,,"Purchased cost, ambient pressure",https://richardturton.faculty.wvu.edu/publications/analysis-synthesis-and-design-of-chemical-processes-5th-edition,
axial_vane_fan_turton_2001,"Compressors, fans, & blowers",Axial vane fan,"gas flowrate, m3/s",1,100,,,,,,,,,,3.1761,-0.1373,0.3414,,,log-log quadratic,2001,Carbon steel,Turton et al. (2018) Table A.1,,"Purchased cost, ambient pressure",https://richardturton.faculty.wvu.edu/publications/analysis-synthesis-and-design-of-chemical-processes-5th-edition,
backward_curve_fan_turton_2001,"Compressors, fans, & blowers",Backward curve fan,"gas flowrate, m3/s",1,100,,,,,,,,,,3.3471,-0.0734,0.309,,,log-log quadratic,2001,Carbon steel,Turton et al. (2018) Table A.1,,"Purchased cost, ambient pressure",https://richardturton.faculty.wvu.edu/publications/analysis-synthesis-and-design-of-chemical-processes-5th-edition,
blower_towler_2010,"Compressors, fans, & blowers",Blower,m^3/h,200,5000,,,4450,57,0.8,,,,,,,,,,offset power-law,2010,Carbon steel,Towler & Sinnott (2010) Table 7.2,,Purchased cost.,doi.org/10.1016/B978-0-12-821179-3.00007-8,
blower_centrifugal_excluding_motor_perry_1996,"Compressors, fans, & blowers","Blower, centrifugal, excluding motor",Sm^3/s,0.24,71,,,,,,,4.72,69400,0.6,,,,,,power-sizing,1996,n.a.,Perry (1997) Table 9-50, Cost escalated to 1996 via M&S Index (1036/1000).,Delivered cost; 27.6 kN/m^2 excluding motor,https://books.google.nl/books/about/Perry_s_Chemical_Engineers_Handbook.html?id=n8B7QgAACAAJ&redir_esc=y,
centrifugal_radial_fan_turton_2001,"Compressors, fans, & blowers",Centrifugal radial fan,"gas flowrate, m3/s",1,100,,,,,,,,,,3.5391,-0.3533,0.4477,,,log-log quadratic,2001,Carbon steel,Turton et al. (2018) Table A.1,,"Purchased cost, ambient pressure",https://richardturton.faculty.wvu.edu/publications/analysis-synthesis-and-design-of-chemical-processes-5th-edition,
centrifugal_compressor_towler_2010,"Compressors, fans, & blowers","Compressor, centrifugal","driver power, kW",75,30000,,,580000,20000,0.6,,,,,,,,,,offset power-law,2010,Carbon steel,Towler & Sinnott (2010) Table 7.2,,Purchased cost.,doi.org/10.1016/B978-0-12-821179-3.00007-8,
compressor_all_turton_2001,"Compressors, fans, & blowers","Compressor, centrifugal / axial / reciprocating","fluid power, kW",450,3000,,,,,,,,,,2.2897,1.3604,-0.1027,,,log-log quadratic,2001,Carbon steel,Turton et al. (2018) Table A.1,,"Purchased cost, ambient pressure",https://richardturton.faculty.wvu.edu/publications/analysis-synthesis-and-design-of-chemical-processes-5th-edition,
reciprocating_compressor_towler_2010,"Compressors, fans, & blowers","Compressor, reciprocating","driver power, kW",93,16800,,,260000,2700,0.75,,,,,,,,,,offset power-law,2010,Carbon steel,Towler & Sinnott (2010) Table 7.2,,Purchased cost.,doi.org/10.1016/B978-0-12-821179-3.00007-8,
compressor_reciprocating_including_motor_perry_1996,"Compressors, fans, & blowers","Compressor, reciprocating, including motor",kW,0.75,1490,,,,,,,224,137788,0.84,,,,,,power-sizing,1996,n.a.,Perry (1997) Table 9-50, Cost escalated to 1996 via M&S Index (1036/1000).,f.o.b. Including motor. <1000lbf.in^2,https://books.google.nl/books/about/Perry_s_Chemical_Engineers_Handbook.html?id=n8B7QgAACAAJ&redir_esc=y,
compressor_rotary_turton_2001,"Compressors, fans, & blowers","Compressor, rotary","fluid power, kW",18,950,,,,,,,,,,5.0355,-1.8002,0.8253,,,log-log quadratic,2001,Carbon steel,Turton et al. (2018) Table A.1,,"Purchased cost, ambient pressure",https://richardturton.faculty.wvu.edu/publications/analysis-synthesis-and-design-of-chemical-processes-5th-edition,
liquid_ring_vacuum_pump_seider_2013,"Compressors, fans, & blowers",Liquid-ring vacuum pump,"flow at suction, ft^3/min",50,350,,,0,8250,0.35,,,,,,,,,,offset power-law,2013,Stainless steel,Seider et al. (2016) Table 16.32,CE Index = 567 (rounded); precise 2013 annual average = 567.3 Default material 'Stainless steel' (unspecified grade) uses the 304 stainless steel material factor (fm=1.3) in Equipment.,f.o.b. purchase cost. Stainless steel with sealant recirculation.,https://www.wiley.com/en-us/shop/general-introductory-chemical-engineering/product-and-process-design-principles-synthesis-analysis-and-evaluation-4th-edition-p-9781119282631,
screw_compressor_vacuum_seider_2013,"Compressors, fans, & blowers",Screw compressor (vacuum service),"flow at suction, ft^3/min",50,350,,,0,10875,0.38,,,,,,,,,,offset power-law,2013,n.a.,Seider et al. (2016) Table 16.32,CE Index = 567 (rounded); precise 2013 annual average = 567.3,f.o.b. purchase cost. With protective controls.,https://www.wiley.com/en-us/shop/general-introductory-chemical-engineering/product-and-process-design-principles-synthesis-analysis-and-evaluation-4th-edition-p-9781119282631,
three_stage_claw_vacuum_pump_seider_2013,"Compressors, fans, & blowers",Three-stage claw vacuum pump,"flow at suction, ft^3/min",60,270,,,0,9785,0.36,,,,,,,,,,offset power-law,2013,n.a.,Seider et al. (2016) Table 16.32,CE Index = 567 (rounded); precise 2013 annual average = 567.3,f.o.b. purchase cost. Includes intercoolers.,https://www.wiley.com/en-us/shop/general-introductory-chemical-engineering/product-and-process-design-principles-synthesis-analysis-and-evaluation-4th-edition-p-9781119282631,
three_stage_lobe_vacuum_pump_seider_2013,"Compressors, fans, & blowers",Three-stage lobe vacuum pump,"flow at suction, ft^3/min",60,240,,,0,8075,0.41,,,,,,,,,,offset power-law,2013,n.a.,Seider et al. (2016) Table 16.32,CE Index = 567 (rounded); precise 2013 annual average = 567.3,f.o.b. purchase cost. Includes intercoolers.,https://www.wiley.com/en-us/shop/general-introductory-chemical-engineering/product-and-process-design-principles-synthesis-analysis-and-evaluation-4th-edition-p-9781119282631,
apron_conveyor_turton_2001,Conveyors,Apron,"area, m2",1,15,,,,,,,,,,3.9255,0.5039,0.1506,,,log-log quadratic,2001,Carbon steel,Turton et al. (2018) Table A.1,,"Purchased cost, ambient pressure",https://richardturton.faculty.wvu.edu/publications/analysis-synthesis-and-design-of-chemical-processes-5th-edition,
belt_conveyor_turton_2001,Conveyors,Belt,"area, m2",0.5,325,,,,,,,,,,4.0637,0.2584,0.155,,,log-log quadratic,2001,Carbon steel,Turton et al. (2018) Table A.1,,"Purchased cost, ambient pressure",https://richardturton.faculty.wvu.edu/publications/analysis-synthesis-and-design-of-chemical-processes-5th-edition,
belt_conveyor_seider_2013,Conveyors,Belt,"Width, in & length, ft",14,60,0,300,0,24.4,1,1,,,,,,,,,2-var power-law,2013,n.a.,Seider et al. (2016) Table 16.32,CE Index = 567 (rounded); precise 2013 annual average = 567.4,f.o.b. purchase cost. Does not include motor or drive.,https://www.wiley.com/en-us/shop/general-introductory-chemical-engineering/product-and-process-design-principles-synthesis-analysis-and-evaluation-4th-edition-p-9781119282631,
belt_conveyor_05m_towler_2010,Conveyors,"Belt, 0.5 m wide","length, m",10,500,,,41000,730,1,,,,,,,,,,offset power-law,2010,Carbon steel,Towler & Sinnott (2010) Table 7.2,,Purchased cost.,doi.org/10.1016/B978-0-12-821179-3.00007-8,
belt_conveyor_10m_towler_2010,Conveyors,"Belt, 1.0 m wide","length, m",10,500,,,46000,1320,1,,,,,,,,,,offset power-law,2010,Carbon steel,Towler & Sinnott (2010) Table 7.2,,Purchased cost.,doi.org/10.1016/B978-0-12-821179-3.00007-8,
belt_excluding_motor_perry_1996,Conveyors,"Belt, excluding motor",m^2,5.6,18.6,,,,,,,9.3,6941.2,0.5,,,,,,power-sizing,1996,Carbon steel,Perry (1997) Table 9-50, Cost escalated to 1996 via M&S Index (1036/1000).,f.o.b cost. Excluding motor.,https://books.google.nl/books/about/Perry_s_Chemical_Engineers_Handbook.html?id=n8B7QgAACAAJ&redir_esc=y,
bucket_elevator_seider_2013,Conveyors,Bucket elevator,"Bucket width, in & height, ft",6,20,15,150,0,692,0.5,0.57,,,,,,,,,2-var power-law,2013,n.a.,Seider et al. (2016) Table 16.32,CE Index = 567 (rounded); precise 2013 annual average = 567.7,f.o.b. purchase cost. Does not include motor or drive.,https://www.wiley.com/en-us/shop/general-introductory-chemical-engineering/product-and-process-design-principles-synthesis-analysis-and-evaluation-4th-edition-p-9781119282631,
bucket_elevator_05m_towler_2010,Conveyors,"Bucket elevator, 0.5 m bucket","height, m",10,30,,,17000,2600,1,,,,,,,,,,offset power-law,2010,Carbon steel,Towler & Sinnott (2010) Table 7.2,,Purchased cost.,doi.org/10.1016/B978-0-12-821179-3.00007-8,
pneumatic_conveyor_turton_2001,Conveyors,Pneumatic,"area, m2",0.75,65,,,,,,,,,,4.6616,0.3205,0.0638,,,log-log quadratic,2001,Carbon steel,Turton et al. (2018) Table A.1,,"Purchased cost, ambient pressure",https://richardturton.faculty.wvu.edu/publications/analysis-synthesis-and-design-of-chemical-processes-5th-edition,
pneumatic_conveyor_seider_2013,Conveyors,Pneumatic,"Solids flow, lb/s & equivalent length, ft",3,30,30,600,0,17240,0.63,0.2,,,,,,,,,2-var power-law,2013,n.a.,Seider et al. (2016) Table 16.32,CE Index = 567 (rounded); precise 2013 annual average = 567.8,"f.o.b. purchase cost. Includes blower, motor, piping, rotary valve, and cyclone",https://www.wiley.com/en-us/shop/general-introductory-chemical-engineering/product-and-process-design-principles-synthesis-analysis-and-evaluation-4th-edition-p-9781119282631,
screw_conveyor_turton_2001,Conveyors,Screw,"area, m2",0.5,30,,,,,,,,,,3.6062,0.2659,0.1982,,,log-log quadratic,2001,Carbon steel,Turton et al. (2018) Table A.1,,"Purchased cost, ambient pressure",https://richardturton.faculty.wvu.edu/publications/analysis-synthesis-and-design-of-chemical-processes-5th-edition,
screw_conveyor_seider_2013,Conveyors,Screw,"Diameter, in & length, ft",6,20,0,300,0,80,1,0.59,,,,,,,,,2-var power-law,2013,n.a.,Seider et al. (2016) Table 16.32,CE Index = 567 (rounded); precise 2013 annual average = 567.5,"f.o.b. purchase cost. Does not include motor, drive, lid, or jacket.",https://www.wiley.com/en-us/shop/general-introductory-chemical-engineering/product-and-process-design-principles-synthesis-analysis-and-evaluation-4th-edition-p-9781119282631,
screw_excluding_motor_perry_1996,Conveyors,"Screw, excluding motor",m x mm diameter,390,780,,,,,,,540,10360,0.46,,,,,,power-sizing,1996,Carbon steel,Perry (1997) Table 9-50, Cost escalated to 1996 via M&S Index (1036/1000).,Delivered cost. Excluding motor.,https://books.google.nl/books/about/Perry_s_Chemical_Engineers_Handbook.html?id=n8B7QgAACAAJ&redir_esc=y,
vibratory_conveyor_seider_2013,Conveyors,Vibratory,"Width, in & length, ft",12,36,0,100,0,92.5,0.57,0.87,,,,,,,,,2-var power-law,2013,n.a.,Seider et al. (2016) Table 16.32,CE Index = 567 (rounded); precise 2013 annual average = 567.6,f.o.b. purchase cost. Does not include motor or drive.,https://www.wiley.com/en-us/shop/general-introductory-chemical-engineering/product-and-process-design-principles-synthesis-analysis-and-evaluation-4th-edition-p-9781119282631,
ball_mill_towler_2010,Crushers,Ball mill,t/h,0.7,60,,,-23000,242000,0.4,,,,,,,,,,offset power-law,2010,Carbon steel,Towler & Sinnott (2010) Table 7.2,,Purchased cost.,doi.org/10.1016/B978-0-12-821179-3.00007-8,
ball_mills_seider_2013,Crushers,Ball mill,"feed rate, ton/hr",1,30,,,0,64640,0.69,,,,,,,,,,offset power-law,2013,Carbon steel,Seider et al. (2016) Table 16.32,CE Index = 567 (rounded); precise 2013 annual average = 567.3,f.o.b. purchase cost. Includes motor and drive.,https://www.wiley.com/en-us/shop/general-introductory-chemical-engineering/product-and-process-design-principles-synthesis-analysis-and-evaluation-4th-edition-p-9781119282631,
cone_crushers_seider_2013,Crushers,Cone crusher,"feed rate, ton/hr",20,300,,,0,2041,1.05,,,,,,,,,,offset power-law,2013,Carbon steel,Seider et al. (2016) Table 16.32,CE Index = 567 (rounded); precise 2013 annual average = 567.3,f.o.b. purchase cost. Includes motor and drive.,https://www.wiley.com/en-us/shop/general-introductory-chemical-engineering/product-and-process-design-principles-synthesis-analysis-and-evaluation-4th-edition-p-9781119282631,
cone_crusher_only_perry_1996,Crushers,"Cone, crusher only",kW,22.4,224,,,,,,,74.6,134680,0.92,,,,,,power-sizing,1996,n.a.,Perry (1997) Table 9-50, Cost escalated to 1996 via M&S Index (1036/1000).,f.o.b cost. Crusher only.,https://books.google.nl/books/about/Perry_s_Chemical_Engineers_Handbook.html?id=n8B7QgAACAAJ&redir_esc=y,
gyratory_crusher_towler_2010,Crushers,Gyratory crusher,t/h,200,3000,,,5000,3500,0.7,,,,,,,,,,offset power-law,2010,Carbon steel,Towler & Sinnott (2010) Table 7.2,,Purchased cost.,doi.org/10.1016/B978-0-12-821179-3.00007-8,
gyratory_crushers_seider_2013,Crushers,Gyratory crusher,"feed rate, ton/hr",25,1200,,,0,11910,0.6,,,,,,,,,,offset power-law,2013,Carbon steel,Seider et al. (2016) Table 16.32,CE Index = 567 (rounded); precise 2013 annual average = 567.3,f.o.b. purchase cost. Includes motor and drive.,https://www.wiley.com/en-us/shop/general-introductory-chemical-engineering/product-and-process-design-principles-synthesis-analysis-and-evaluation-4th-edition-p-9781119282631,
hammer_mills_seider_2013,Crushers,Hammer mill,"feed rate, ton/hr",2,200,,,0,4310,0.78,,,,,,,,,,offset power-law,2013,Carbon steel,Seider et al. (2016) Table 16.32,CE Index = 567 (rounded); precise 2013 annual average = 567.3,f.o.b. purchase cost. Includes motor and drive.,https://www.wiley.com/en-us/shop/general-introductory-chemical-engineering/product-and-process-design-principles-synthesis-analysis-and-evaluation-4th-edition-p-9781119282631,
jaw_crusher_towler_2010,Crushers,Jaw crusher,t/h,100,500,,,-8000,62000,0.75,,,,,,,,,,offset power-law,2010,Carbon steel,Towler & Sinnott (2010) Table 7.2,,Purchased cost.,doi.org/10.1016/B978-0-12-821179-3.00007-8,
jaw_crushers_seider_2013,Crushers,Jaw crusher,"feed rate, ton/hr",10,200,,,0,2610,0.89,,,,,,,,,,offset power-law,2013,Carbon steel,Seider et al. (2016) Table 16.32,CE Index = 567 (rounded); precise 2013 annual average = 567.3,f.o.b. purchase cost. Includes motor and drive.,https://www.wiley.com/en-us/shop/general-introductory-chemical-engineering/product-and-process-design-principles-synthesis-analysis-and-evaluation-4th-edition-p-9781119282631,
jaw_excluding_motor_perry_1996,Crushers,"Jaw, excluding motor",kW,0.75,44.7,,,,,,,7.5,35224,0.65,,,,,,power-sizing,1996,n.a.,Perry (1997) Table 9-50, Cost escalated to 1996 via M&S Index (1036/1000).,f.o.b cost. Excluding motor.,https://books.google.nl/books/about/Perry_s_Chemical_Engineers_Handbook.html?id=n8B7QgAACAAJ&redir_esc=y,
jaw_including_motor_perry_1996,Crushers,"Jaw, including motor",kW,44.7,300,,,,,,,74.6,294224,0.81,,,,,,power-sizing,1996,n.a.,Perry (1997) Table 9-50, Cost escalated to 1996 via M&S Index (1036/1000).,f.o.b cost. Excluding motor.,https://books.google.nl/books/about/Perry_s_Chemical_Engineers_Handbook.html?id=n8B7QgAACAAJ&redir_esc=y,
jet_mills_seider_2013,Crushers,Jet mill,"feed rate, ton/hr",1,5,,,0,38560,0.39,,,,,,,,,,offset power-law,2013,Carbon steel,Seider et al. (2016) Table 16.32,CE Index = 567 (rounded); precise 2013 annual average = 567.3,f.o.b. purchase cost. Includes motor and drive.,https://www.wiley.com/en-us/shop/general-introductory-chemical-engineering/product-and-process-design-principles-synthesis-analysis-and-evaluation-4th-edition-p-9781119282631,
pulverizer_towler_2010,Crushers,Pulverizer,kg/h,200,4000,,,16100,670,0.5,,,,,,,,,,offset power-law,2010,Carbon steel,Towler & Sinnott (2010) Table 7.2,,Purchased cost.,doi.org/10.1016/B978-0-12-821179-3.00007-8,
reversible_hammer_mill_towler_2010,Crushers,Reversible hammer mill,t/h,30,400,,,68400,730,1,,,,,,,,,,offset power-law,2010,Carbon steel,Towler & Sinnott (2010) Table 7.2,,Purchased cost.,doi.org/10.1016/B978-0-12-821179-3.00007-8,
batch_crystallizer_turton_2001,Crystallizers,Batch,"volume, m^3",1.5,30,,,,,,,,,,4.5097,0.1731,0.1344,,,log-log quadratic,2001,Carbon steel,Turton et al. (2018) Table A.1,,"Purchased cost, ambient pressure",https://richardturton.faculty.wvu.edu/publications/analysis-synthesis-and-design-of-chemical-processes-5th-edition,
batch_evaporative_crystallizer_seider_2013,Crystallizers,Batch evaporative,"volume, ft^3",50,1000,,,0,46380,0.41,,,,,,,,,,offset power-law,2013,Stainless steel,Seider et al. (2016) Table 16.32,CE Index = 567 (rounded); precise 2013 annual average = 567.3 Default material 'Stainless steel' (unspecified grade) uses the 304 stainless steel material factor (fm=1.3) in Equipment.,f.o.b. purchase cost. Stainless steel.,https://www.wiley.com/en-us/shop/general-introductory-chemical-engineering/product-and-process-design-principles-synthesis-analysis-and-evaluation-4th-edition-p-9781119282631,
draft_tube_baffled_crystallizer_seider_2013,Crystallizers,"Draft-tube baffled, continuous evaporative",tons crystals/day,10,250,,,0,31980,0.63,,,,,,,,,,offset power-law,2013,Carbon steel,Seider et al. (2016) Table 16.32,CE Index = 567 (rounded); precise 2013 annual average = 567.3,f.o.b. purchase cost.,https://www.wiley.com/en-us/shop/general-introductory-chemical-engineering/product-and-process-design-principles-synthesis-analysis-and-evaluation-4th-edition-p-9781119282631,
forced_circulation_perry_1996,Crystallizers,Forced circulation,metric ton/day,9.1,970,,,,,,,91,293188,0.59,,,,,,power-sizing,1996,Carbon steel,Perry (1997) Table 9-50, Cost escalated to 1996 via M&S Index (1036/1000).,f.o.b cost.,https://books.google.nl/books/about/Perry_s_Chemical_Engineers_Handbook.html?id=n8B7QgAACAAJ&redir_esc=y,
forced_circulation_crystallizer_seider_2013,Crystallizers,"Forced circulation, continuous evaporative",tons crystals/day,10,1000,,,0,39575,0.56,,,,,,,,,,offset power-law,2013,Carbon steel,Seider et al. (2016) Table 16.32,CE Index = 567 (rounded); precise 2013 annual average = 567.3,f.o.b. purchase cost.,https://www.wiley.com/en-us/shop/general-introductory-chemical-engineering/product-and-process-design-principles-synthesis-analysis-and-evaluation-4th-edition-p-9781119282631,
jacketed_scraped_wall_crystallizer_seider_2013,Crystallizers,"Jacketed scraped wall, continuous cooling","length, ft",15,200,,,0,16440,0.67,,,,,,,,,,offset power-law,2013,Stainless steel,Seider et al. (2016) Table 16.32,CE Index = 567 (rounded); precise 2013 annual average = 567.3 Default material 'Stainless steel' (unspecified grade) uses the 304 stainless steel material factor (fm=1.3) in Equipment.,f.o.b. purchase cost. Stainless steel.,https://www.wiley.com/en-us/shop/general-introductory-chemical-engineering/product-and-process-design-principles-synthesis-analysis-and-evaluation-4th-edition-p-9781119282631,
scraped_surface_crystallizer_towler_2010,Crystallizers,Scraped surface,"length, m",7,280,,,10000,13200,0.8,,,,,,,,,,offset power-law,2010,Carbon steel,Towler & Sinnott (2010) Table 7.2,,Purchased cost.,doi.org/10.1016/B978-0-12-821179-3.00007-8,
atmospheric_tray_batch_dryer_towler_2010,Dryers,Atmospheric tray batch dryer,"area, m^2",3,20,,,12000,7900,0.5,,,,,,,,,,offset power-law,2010,Carbon steel,Towler & Sinnott (2010) Table 7.2,,Purchased cost.,doi.org/10.1016/B978-0-12-821179-3.00007-8,
batch_tray_dryer_seider_2013,Dryers,Batch tray dryer,"tray area, ft^2",20,200,,,0,4400,0.35,,,,,,,,,,offset power-law,2013,Stainless steel,Seider et al. (2016) Table 16.32,CE Index = 567 (rounded); precise 2013 annual average = 567.3 Default material 'Stainless steel' (unspecified grade) uses the 304 stainless steel material factor (fm=1.3) in Equipment.,f.o.b. purchase cost. Stainless steel.,https://www.wiley.com/en-us/shop/general-introductory-chemical-engineering/product-and-process-design-principles-synthesis-analysis-and-evaluation-4th-edition-p-9781119282631,
direct_contact_rotary_dryer_towler_2010,Dryers,Direct contact rotary dryer,"area, m^2",11,180,,,15000,10500,0.9,,,,,,,,,,offset power-law,2010,Carbon steel,Towler & Sinnott (2010) Table 7.2,,Purchased cost. Direct heated.,doi.org/10.1016/B978-0-12-821179-3.00007-8,
direct_heat_rotary_dryer_seider_2013,Dryers,Direct-heat rotary,"drum peripheral area, ft^2",200,3000,,,,,,,,,,10.522,0.1003,0.04303,,,ln-ln quadratic,2013,Stainless steel,Seider et al. (2016) Table 16.32,CE Index = 567 (rounded); precise 2013 annual average = 567.3 Default material 'Stainless steel' (unspecified grade) uses the 304 stainless steel material factor (fm=1.3) in Equipment.,f.o.b. purchase cost. Stainless steel.,https://www.wiley.com/en-us/shop/general-introductory-chemical-engineering/product-and-process-design-principles-synthesis-analysis-and-evaluation-4th-edition-p-9781119282631,
drum_dryer_turton_2001,Dryers,Drum,"area, m^2",0.5,50,,,,,,,,,,4.5472,0.2731,0.134,,,log-log quadratic,2001,Carbon steel,Turton et al. (2018) Table A.1,,"Purchased cost, ambient pressure",https://richardturton.faculty.wvu.edu/publications/analysis-synthesis-and-design-of-chemical-processes-5th-edition,
drum_dryer_seider_2013,Dryers,Drum,"heat-transfer area, ft^2",60,480,,,0,32000,0.38,,,,,,,,,,offset power-law,2013,Stainless steel,Seider et al. (2016) Table 16.32,CE Index = 567 (rounded); precise 2013 annual average = 567.3 Default material 'Stainless steel' (unspecified grade) uses the 304 stainless steel material factor (fm=1.3) in Equipment.,f.o.b. purchase cost. Stainless steel.,https://www.wiley.com/en-us/shop/general-introductory-chemical-engineering/product-and-process-design-principles-synthesis-analysis-and-evaluation-4th-edition-p-9781119282631,
drum_excluding_motor_perry_1996,Dryers,"Drum, excluding motor",m^2,0.9,37,,,,,,,9.3,75628,0.52,,,,,,power-sizing,1996,Carbon steel,Perry (1997) Table 9-50, Cost escalated to 1996 via M&S Index (1036/1000).,f.o.b cost. Excluding motor.,https://books.google.nl/books/about/Perry_s_Chemical_Engineers_Handbook.html?id=n8B7QgAACAAJ&redir_esc=y,
indirect_heat_steam_tube_rotary_dryer_seider_2013,Dryers,Indirect-heat steam-tube rotary,"heat-transfer area, ft^2",100,1400,,,0,1520,0.8,,,,,,,,,,offset power-law,2013,Stainless steel,Seider et al. (2016) Table 16.32,CE Index = 567 (rounded); precise 2013 annual average = 567.3 Default material 'Stainless steel' (unspecified grade) uses the 304 stainless steel material factor (fm=1.3) in Equipment.,f.o.b. purchase cost. Stainless steel.,https://www.wiley.com/en-us/shop/general-introductory-chemical-engineering/product-and-process-design-principles-synthesis-analysis-and-evaluation-4th-edition-p-9781119282631,
rotary_gas_dryer_turton_2001,Dryers,"Rotary, gas dryer","area, m^2",5,100,,,,,,,,,,3.5645,1.1118,-0.0777,,,log-log quadratic,2001,Carbon steel,Turton et al. (2018) Table A.1,,"Purchased cost, ambient pressure",https://richardturton.faculty.wvu.edu/publications/analysis-synthesis-and-design-of-chemical-processes-5th-edition,
spray_dryer_seider_2013,Dryers,Spray,"evaporation rate, lb/hr",30,3000,,,,,,,,,,8.5133,0.9847,-0.0561,,,ln-ln quadratic,2013,Stainless steel,Seider et al. (2016) Table 16.32,CE Index = 567 (rounded); precise 2013 annual average = 567.3 Default material 'Stainless steel' (unspecified grade) uses the 304 stainless steel material factor (fm=1.3) in Equipment.,f.o.b. purchase cost. Stainless steel.,https://www.wiley.com/en-us/shop/general-introductory-chemical-engineering/product-and-process-design-principles-synthesis-analysis-and-evaluation-4th-edition-p-9781119282631,
spray_dryer_towler_2010,Dryers,Spray dryer,"evaporation rate, kg/h",400,4000,,,410000,2200,0.7,,,,,,,,,,offset power-law,2010,Carbon steel,Towler & Sinnott (2010) Table 7.2,,Purchased cost.,doi.org/10.1016/B978-0-12-821179-3.00007-8,
tray_dryer_turton_2001,Dryers,Tray,"area, m^2",1.8,20,,,,,,,,,,3.6951,0.5442,-0.1248,,,log-log quadratic,2001,Carbon steel,Turton et al. (2018) Table A.1,,"Purchased cost, ambient pressure",https://richardturton.faculty.wvu.edu/publications/analysis-synthesis-and-design-of-chemical-processes-5th-edition,
vacuum_shelf_excluding_trays_n_vacuum_equipment_perry_1996,Dryers,"Vacuum, shelf, excluding trays and vacuum equipment",m^2,1.4,93,,,,,,,9.3,17612,0.56,,,,,,power-sizing,1996,Carbon steel,Perry (1997) Table 9-50, Cost escalated to 1996 via M&S Index (1036/1000).,f.o.b cost. Excluding trays and vacuum equipment.,https://books.google.nl/books/about/Perry_s_Chemical_Engineers_Handbook.html?id=n8B7QgAACAAJ&redir_esc=y,
bag_filters_seider_2013,Dust collectors,Bag filters,"gas flow rate, actual ft^3/min",5000,2000000,,,,,,,,,,10.3838,-0.4381,0.055563,,,ln-ln quadratic,2013,Carbon steel,Seider et al. (2016) Table 16.32,CE Index = 567 (rounded); precise 2013 annual average = 567.3,f.o.b. purchase cost.,https://www.wiley.com/en-us/shop/general-introductory-chemical-engineering/product-and-process-design-principles-synthesis-analysis-and-evaluation-4th-edition-p-9781119282631,
baghouse_dust_collector_turton_2001,Dust collectors,Baghouse,"volume, m^3",0.08,350,,,,,,,,,,4.5007,0.4182,0.0813,,,log-log quadratic,2001,Carbon steel,Turton et al. (2018) Table A.1,,"Purchased cost, ambient pressure",https://richardturton.faculty.wvu.edu/publications/analysis-synthesis-and-design-of-chemical-processes-5th-edition,
cloth_shaker_type_including_motors_perry_1996,Dust collectors,"Cloth, shaker type, including motors",m^3/s,0.47,23.6,,,,,,,4.7,17612,0.79,,,,,,power-sizing,1996,n.a.,Perry (1997) Table 9-50, Cost escalated to 1996 via M&S Index (1036/1000).,f.o.b cost. Including motors.,https://books.google.nl/books/about/Perry_s_Chemical_Engineers_Handbook.html?id=n8B7QgAACAAJ&redir_esc=y,
cyclone_scrubber_turton_2001,Dust collectors,Cyclone scrubber,"volume, m^3",0.06,200,,,,,,,,,,3.6298,0.5009,0.0411,,,log-log quadratic,2001,Carbon steel,Turton et al. (2018) Table A.1,,"Purchased cost, ambient pressure",https://richardturton.faculty.wvu.edu/publications/analysis-synthesis-and-design-of-chemical-processes-5th-edition,
cyclones_seider_2013,Dust collectors,Cyclones,"gas flow rate, actual ft^3/min",200,100000,,,,,,,,,,9.3485,-0.7892,0.08487,,,ln-ln quadratic,2013,Carbon steel,Seider et al. (2016) Table 16.32,CE Index = 567 (rounded); precise 2013 annual average = 567.3,f.o.b. purchase cost.,https://www.wiley.com/en-us/shop/general-introductory-chemical-engineering/product-and-process-design-principles-synthesis-analysis-and-evaluation-4th-edition-p-9781119282631,
electrostatic_precipitator_turton_2001,Dust collectors,Electrostatic precipitator,"volume, m^3",0.06,200,,,,,,,,,,3.6298,0.5009,0.0411,,,log-log quadratic,2001,Carbon steel,Turton et al. (2018) Table A.1,,"Purchased cost, ambient pressure",https://richardturton.faculty.wvu.edu/publications/analysis-synthesis-and-design-of-chemical-processes-5th-edition,
electrostatic_precipitator_perry_1996,Dust collectors,Electrostatic precipitator,m^3/s,37.8,472,,,,,,,94,396788,0.81,,,,,,power-sizing,1996,n.a.,Perry (1997) Table 9-50, Cost escalated to 1996 via M&S Index (1036/1000).,f.o.b cost.,https://books.google.nl/books/about/Perry_s_Chemical_Engineers_Handbook.html?id=n8B7QgAACAAJ&redir_esc=y,
electrostatic_precipitators_seider_2013,Dust collectors,Electrostatic precipitator,"gas flow rate, actual ft^3/min",10000,2000000,,,,,,,,,,11.8058,-0.53,0.05454,,,ln-ln quadratic,2013,Carbon steel,Seider et al. (2016) Table 16.32,CE Index = 567 (rounded); precise 2013 annual average = 567.3,f.o.b. purchase cost.,https://www.wiley.com/en-us/shop/general-introductory-chemical-engineering/product-and-process-design-principles-synthesis-analysis-and-evaluation-4th-edition-p-9781119282631,
gas_multi_cyclone_ulrich_2003,Dust collectors,Gas multi-cyclone,"volumetric gas rate, m3/s ",0.1,50,,,2379.542,585.534,1.218,,,,,,,,,,offset power-law,2003,n.a.,Ulrich (2003),,,http://www.ulrichvasudesign.com/index.html,
multicyclones_perry_1996,Dust collectors,Multicyclones,m^3/s,0.47,70.8,,,,,,,4.7,7252,0.66,,,,,,power-sizing,1996,n.a.,Perry (1997) Table 9-50, Cost escalated to 1996 via M&S Index (1036/1000).,f.o.b cost.,https://books.google.nl/books/about/Perry_s_Chemical_Engineers_Handbook.html?id=n8B7QgAACAAJ&redir_esc=y,
multicyclones_at_40_celcius_perry_1996,Dust collectors,Multicyclones at 40 celcius,m^3/s,0.47,73.83,,,,,,,4.7,79772,0.39,,,,,,power-sizing,1996,n.a.,Perry (1997) Table 9-50, Cost escalated to 1996 via M&S Index (1036/1000).,f.o.b cost.,https://books.google.nl/books/about/Perry_s_Chemical_Engineers_Handbook.html?id=n8B7QgAACAAJ&redir_esc=y,
venturi_scrubber_turton_2001,Dust collectors,Venturi scrubber,"volume, m^3",0.06,200,,,,,,,,,,3.6298,0.5009,0.0411,,,log-log quadratic,2001,Carbon steel,Turton et al. (2018) Table A.1,,"Purchased cost, ambient pressure",https://richardturton.faculty.wvu.edu/publications/analysis-synthesis-and-design-of-chemical-processes-5th-edition,
venturi_scrubbers_seider_2013,Dust collectors,Venturi scrubber,"gas flow rate, actual ft^3/min",2000,20000,,,,,,,,,,9.7413,-0.3281,0.05,,,ln-ln quadratic,2013,Carbon steel,Seider et al. (2016) Table 16.32,CE Index = 567 (rounded); precise 2013 annual average = 567.3,f.o.b. purchase cost.,https://www.wiley.com/en-us/shop/general-introductory-chemical-engineering/product-and-process-design-principles-synthesis-analysis-and-evaluation-4th-edition-p-9781119282631,
multistage_including_condenser_n_piping_perry_1996,Ejectors,"Multistage, including condenser and piping",kg/h/(N/m^2),0.00068,0.34,,,,,,,0.034,17301.2,0.26,,,,,,power-sizing,1996,n.a.,Perry (1997) Table 9-50, Cost escalated to 1996 via M&S Index (1036/1000).,"f.o.b cost. Including condenser, piping.",https://books.google.nl/books/about/Perry_s_Chemical_Engineers_Handbook.html?id=n8B7QgAACAAJ&redir_esc=y,
one_stage_jet_seider_2013,Ejectors,One-stage jet,"(lb/hr) / (suction pressure, torr)",0.1,100,,,0,1915,0.41,,,,,,,,,,offset power-law,2013,n.a.,Seider et al. (2016) Table 16.32,CE Index = 567 (rounded); precise 2013 annual average = 567.3,f.o.b. purchase cost.,https://www.wiley.com/en-us/shop/general-introductory-chemical-engineering/product-and-process-design-principles-synthesis-analysis-and-evaluation-4th-edition-p-9781119282631,
single_stage_100_psig_steam_perry_1996,Ejectors,"Single stage, 100 psig, steam",kg/h/(N/m^2),0.00068,0.1,,,,,,,0.01,2797.2,0.5,,,,,,power-sizing,1996,n.a.,Perry (1997) Table 9-50, Cost escalated to 1996 via M&S Index (1036/1000).,f.o.b cost.,https://books.google.nl/books/about/Perry_s_Chemical_Engineers_Handbook.html?id=n8B7QgAACAAJ&redir_esc=y,
two_stage_including_condenser_n_piping_perry_1996,Ejectors,"Two-stage, including condenser and piping",kg/h/(N/m^2),0.00068,0.034,,,,,,,0.0034,6526.8,0.43,,,,,,power-sizing,1996,n.a.,Perry (1997) Table 9-50, Cost escalated to 1996 via M&S Index (1036/1000).,"f.o.b cost. Including condenser, piping.",https://books.google.nl/books/about/Perry_s_Chemical_Engineers_Handbook.html?id=n8B7QgAACAAJ&redir_esc=y,
agitated_falling_film_evaporator_towler_2010,Evaporators,Agitated falling film,"area, m^2",0.5,12,,,88000,6500,0.75,,,,,,,,,,offset power-law,2010,304 stainless steel,Towler & Sinnott (2010) Table 7.2,,Purchased cost. Type 304 SS,doi.org/10.1016/B978-0-12-821179-3.00007-8,
agitated_film_evaporator_turton_2001,Evaporators,Agitated film (scraped wall),"area, m^2",0.5,5,,,,,,,,,,5,0.149,-0.0134,,,log-log quadratic,2001,Carbon steel,Turton et al. (2018) Table A.1,,"Purchased cost, ambient pressure",https://richardturton.faculty.wvu.edu/publications/analysis-synthesis-and-design-of-chemical-processes-5th-edition,
falling_film_evaporator_turton_2001,Evaporators,Falling film,"area, m^2",50,500,,,,,,,,,,3.9119,0.8627,-0.0088,,,log-log quadratic,2001,Carbon steel,Turton et al. (2018) Table A.1,,"Purchased cost, ambient pressure",https://richardturton.faculty.wvu.edu/publications/analysis-synthesis-and-design-of-chemical-processes-5th-edition,
falling_film_evaporator_seider_2013,Evaporators,Falling film,"heat-transfer area, ft^2",150,4000,,,0,13700,0.68,,,,,,,,,,offset power-law,2013,Stainless steel + Carbon steel,Seider et al. (2016) Table 16.32,CE Index = 567 (rounded); precise 2013 annual average = 567.3,"f.o.b. purchase cost. Stainless steel tubes, carbon steel shell.",https://www.wiley.com/en-us/shop/general-introductory-chemical-engineering/product-and-process-design-principles-synthesis-analysis-and-evaluation-4th-edition-p-9781119282631,
forced_circulation_evaporator_seider_2013,Evaporators,Forced circulation,"heat-transfer area, ft^2",150,8000,,,,,,,,,,8.0369,0.6994,-0.00004,,,ln-ln quadratic,2013,Carbon steel,Seider et al. (2016) Table 16.32,CE Index = 567 (rounded); precise 2013 annual average = 567.3,f.o.b. purchase cost.,https://www.wiley.com/en-us/shop/general-introductory-chemical-engineering/product-and-process-design-principles-synthesis-analysis-and-evaluation-4th-edition-p-9781119282631,
forced_circulation_evaporator_turton_2001,Evaporators,Forced circulation (pumped),"area, m^2",5,1000,,,,,,,,,,5.0238,0.3475,0.0703,,,log-log quadratic,2001,Carbon steel,Turton et al. (2018) Table A.1,,"Purchased cost, ambient pressure",https://richardturton.faculty.wvu.edu/publications/analysis-synthesis-and-design-of-chemical-processes-5th-edition,
horizontal_tube_evaporator_seider_2013,Evaporators,Horizontal tube,"heat-transfer area, ft^2",100,8000,,,0,4604,0.53,,,,,,,,,,offset power-law,2013,Carbon steel,Seider et al. (2016) Table 16.32,CE Index = 567 (rounded); precise 2013 annual average = 567.3,f.o.b. purchase cost.,https://www.wiley.com/en-us/shop/general-introductory-chemical-engineering/product-and-process-design-principles-synthesis-analysis-and-evaluation-4th-edition-p-9781119282631,
long_tube_evaporator_turton_2001,Evaporators,Long-tube,"area, m^2",100,10000,,,,,,,,,,4.642,0.3698,0.0025,,,log-log quadratic,2001,Carbon steel,Turton et al. (2018) Table A.1,,"Purchased cost, ambient pressure",https://richardturton.faculty.wvu.edu/publications/analysis-synthesis-and-design-of-chemical-processes-5th-edition,
long_tube_vertical_evaporator_seider_2013,Evaporators,Long-tube vertical (rising film),"heat-transfer area, ft^2",100,8000,,,0,6464,0.55,,,,,,,,,,offset power-law,2013,Carbon steel,Seider et al. (2016) Table 16.32,CE Index = 567 (rounded); precise 2013 annual average = 567.3,f.o.b. purchase cost.,https://www.wiley.com/en-us/shop/general-introductory-chemical-engineering/product-and-process-design-principles-synthesis-analysis-and-evaluation-4th-edition-p-9781119282631,
short_tube_evaporator_turton_2001,Evaporators,Short-tube,"area, m^2",10,100,,,,,,,,,,5.2366,-0.6572,0.35,,,log-log quadratic,2001,Carbon steel,Turton et al. (2018) Table A.1,,"Purchased cost, ambient pressure",https://richardturton.faculty.wvu.edu/publications/analysis-synthesis-and-design-of-chemical-processes-5th-edition,
vertical_tube_evaporator_towler_2010,Evaporators,Vertical tube,"area, m^2",11,640,,,33000,36000,0.55,,,,,,,,,,offset power-law,2010,Carbon steel,Towler & Sinnott (2010) Table 7.2,,Purchased cost.,doi.org/10.1016/B978-0-12-821179-3.00007-8,
roll_presses_expression_seider_2013,Expression,Roll presses,"wet solids flow rate, lb/hr",150,12000,,,,,,,,,,10.9807,-0.4467,0.06136,,,ln-ln quadratic,2013,Stainless steel,Seider et al. (2016) Table 16.32,CE Index = 567 (rounded); precise 2013 annual average = 567.3 Default material 'Stainless steel' (unspecified grade) uses the 304 stainless steel material factor (fm=1.3) in Equipment.,f.o.b. purchase cost. Stainless steel.,https://www.wiley.com/en-us/shop/general-introductory-chemical-engineering/product-and-process-design-principles-synthesis-analysis-and-evaluation-4th-edition-p-9781119282631,
screw_presses_expression_seider_2013,Expression,Screw presses,"wet solids flow rate, lb/hr",150,12000,,,,,,,,,,11.0991,-0.358,0.05853,,,ln-ln quadratic,2013,Stainless steel,Seider et al. (2016) Table 16.32,CE Index = 567 (rounded); precise 2013 annual average = 567.3 Default material 'Stainless steel' (unspecified grade) uses the 304 stainless steel material factor (fm=1.3) in Equipment.,f.o.b. purchase cost. Stainless steel.,https://www.wiley.com/en-us/shop/general-introductory-chemical-engineering/product-and-process-design-principles-synthesis-analysis-and-evaluation-4th-edition-p-9781119282631,
bent_filter_turton_2001,Filters,Bent,"area, m^2",0.9,115,,,,,,,,,,5.1055,0.4999,0.0001,,,log-log quadratic,2001,Carbon steel,Turton et al. (2018) Table A.1,,"Purchased cost, ambient pressure",https://richardturton.faculty.wvu.edu/publications/analysis-synthesis-and-design-of-chemical-processes-5th-edition,
cartridge_filter_turton_2001,Filters,Cartridge,"area, m^2",15,200,,,,,,,,,,3.2107,0.7597,0.0027,,,log-log quadratic,2001,Carbon steel,Turton et al. (2018) Table A.1,,"Purchased cost, ambient pressure",https://richardturton.faculty.wvu.edu/publications/analysis-synthesis-and-design-of-chemical-processes-5th-edition,
disc_n_drum_filter_turton_2001,Filters,Disc and drum,"area, m^2",0.9,300,,,,,,,,,,4.8123,0.2858,0.042,,,log-log quadratic,2001,Carbon steel,Turton et al. (2018) Table A.1,,"Purchased cost, ambient pressure",https://richardturton.faculty.wvu.edu/publications/analysis-synthesis-and-design-of-chemical-processes-5th-edition,
gravity_filter_turton_2001,Filters,Gravity,"area, m^2",0.5,80,,,,,,,,,,4.2756,0.352,0.0714,,,log-log quadratic,2001,Carbon steel,Turton et al. (2018) Table A.1,,"Purchased cost, ambient pressure",https://richardturton.faculty.wvu.edu/publications/analysis-synthesis-and-design-of-chemical-processes-5th-edition,
leaf_filter_turton_2001,Filters,Leaf,"area, m^2",0.6,235,,,,,,,,,,3.8187,0.6235,0.0176,,,log-log quadratic,2001,Carbon steel,Turton et al. (2018) Table A.1,,"Purchased cost, ambient pressure",https://richardturton.faculty.wvu.edu/publications/analysis-synthesis-and-design-of-chemical-processes-5th-edition,
pan_filter_turton_2001,Filters,Pan,"area, m^2",0.9,300,,,,,,,,,,4.8123,0.2858,0.042,,,log-log quadratic,2001,Carbon steel,Turton et al. (2018) Table A.1,,"Purchased cost, ambient pressure",https://richardturton.faculty.wvu.edu/publications/analysis-synthesis-and-design-of-chemical-processes-5th-edition,
plate_n_frame_filter_towler_2010,Filters,Plate & frame,"capacity, m^3",0.4,1.4,,,128000,89000,0.5,,,,,,,,,,offset power-law,2010,Carbon steel,Towler & Sinnott (2010) Table 7.2,,Purchased cost.,doi.org/10.1016/B978-0-12-821179-3.00007-8,
plate_frame_filter_turton_2001,Filters,Plate & frame,"area, m^2",0.5,80,,,,,,,,,,4.2756,0.352,0.0714,,,log-log quadratic,2001,Carbon steel,Turton et al. (2018) Table A.1,,"Purchased cost, ambient pressure",https://richardturton.faculty.wvu.edu/publications/analysis-synthesis-and-design-of-chemical-processes-5th-edition,
plate_frame_filter_seider_2013,Filters,Plate & frame,"filtering area, ft^2",130,800,,,0,5445,0.52,,,,,,,,,,offset power-law,2013,Carbon steel,Seider et al. (2016) Table 16.32,CE Index = 567 (rounded); precise 2013 annual average = 567.3,f.o.b. purchase cost.,https://www.wiley.com/en-us/shop/general-introductory-chemical-engineering/product-and-process-design-principles-synthesis-analysis-and-evaluation-4th-edition-p-9781119282631,
plate_n_frame_perry_1996,Filters,Plate and frame,m^2,0.9,93,,,,,,,9.3,5905.2,0.55,,,,,,power-sizing,1996,Carbon steel,Perry (1997) Table 9-50, Cost escalated to 1996 via M&S Index (1036/1000).,Delivered cost.,https://books.google.nl/books/about/Perry_s_Chemical_Engineers_Handbook.html?id=n8B7QgAACAAJ&redir_esc=y,
pressure_leaf_filter_seider_2013,Filters,Pressure leaf,"filtering area, ft^2",30,2500,,,0,1385,0.71,,,,,,,,,,offset power-law,2013,Carbon steel,Seider et al. (2016) Table 16.32,CE Index = 567 (rounded); precise 2013 annual average = 567.3,f.o.b. purchase cost.,https://www.wiley.com/en-us/shop/general-introductory-chemical-engineering/product-and-process-design-principles-synthesis-analysis-and-evaluation-4th-edition-p-9781119282631,
rotary_pan_filter_seider_2013,Filters,Rotary pan,"filtering area, ft^2",100,1100,,,0,28010,0.48,,,,,,,,,,offset power-law,2013,Carbon steel,Seider et al. (2016) Table 16.32,CE Index = 567 (rounded); precise 2013 annual average = 567.3,f.o.b. purchase cost.,https://www.wiley.com/en-us/shop/general-introductory-chemical-engineering/product-and-process-design-principles-synthesis-analysis-and-evaluation-4th-edition-p-9781119282631,
rotary_drum_vacuum_filter_seider_2013,Filters,Rotary-drum vacuum,"filtering area, ft^2",10,800,,,,,,,,,,11.796,-0.1905,0.0554,,,ln-ln quadratic,2013,Carbon steel,Seider et al. (2016) Table 16.32,CE Index = 567 (rounded); precise 2013 annual average = 567.3,f.o.b. purchase cost.,https://www.wiley.com/en-us/shop/general-introductory-chemical-engineering/product-and-process-design-principles-synthesis-analysis-and-evaluation-4th-edition-p-9781119282631,
table_filter_turton_2001,Filters,Table,"area, m^2",0.9,115,,,,,,,,,,5.1055,0.4999,0.0001,,,log-log quadratic,2001,Carbon steel,Turton et al. (2018) Table A.1,,"Purchased cost, ambient pressure",https://richardturton.faculty.wvu.edu/publications/analysis-synthesis-and-design-of-chemical-processes-5th-edition,
tube_filter_turton_2001,Filters,Tube,"area, m^2",0.9,115,,,,,,,,,,5.1055,0.4999,0.0001,,,log-log quadratic,2001,Carbon steel,Turton et al. (2018) Table A.1,,"Purchased cost, ambient pressure",https://richardturton.faculty.wvu.edu/publications/analysis-synthesis-and-design-of-chemical-processes-5th-edition,
vacuum_drum_filter_towler_2010,Filters,Vacuum drum,"area, m^2",10,180,,,-73000,93000,0.3,,,,,,,,,,offset power-law,2010,Carbon steel,Towler & Sinnott (2010) Table 7.2,,Purchased cost.,doi.org/10.1016/B978-0-12-821179-3.00007-8,
vacuum_rotary_drum_including_motor_perry_1996,Filters,"Vacuum rotary drum, including motor",m^2,0.9,140,,,,,,,9.3,65578.8,0.48,,,,,,power-sizing,1996,Carbon steel,Perry (1997) Table 9-50, Cost escalated to 1996 via M&S Index (1036/1000).,f.o.b cost. Including motor.,https://books.google.nl/books/about/Perry_s_Chemical_Engineers_Handbook.html?id=n8B7QgAACAAJ&redir_esc=y,
vertical_pressure_leaf_perry_1996,Filters,Vertical-pressure leaf,m^2,2.8,140,,,,,,,9.3,17612,0.57,,,,,,power-sizing,1996,Carbon steel,Perry (1997) Table 9-50, Cost escalated to 1996 via M&S Index (1036/1000).,Delivered cost.,https://books.google.nl/books/about/Perry_s_Chemical_Engineers_Handbook.html?id=n8B7QgAACAAJ&redir_esc=y,
air_cooler_hx_turton_2001,Heat exchangers,Air cooler,"area, m^2",10,10000,,,,,,,,,,4.0336,0.2341,0.0497,,,log-log quadratic,2001,Carbon steel,Turton et al. (2018) Table A.1,,"Purchased cost, ambient pressure",https://richardturton.faculty.wvu.edu/publications/analysis-synthesis-and-design-of-chemical-processes-5th-edition,
air_cooled_finfan_seider_2013,Heat exchangers,Air-cooled fin-fan,"bare-tube heat-transfer area, ft^2",40,150000,,,0,2835,0.4,,,,,,,,,,offset power-law,2013,Carbon steel,Seider et al. (2016) Table 16.32,CE Index = 567 (rounded); precise 2013 annual average = 567.3,f.o.b. purchase cost.,https://www.wiley.com/en-us/shop/general-introductory-chemical-engineering/product-and-process-design-principles-synthesis-analysis-and-evaluation-4th-edition-p-9781119282631,
bayonet_hx_turton_2001,Heat exchangers,Bayonet,"area, m^2",10,1000,,,,,,,,,,4.2768,-0.0495,0.1431,,,log-log quadratic,2001,Carbon steel,Turton et al. (2018) Table A.1,,"Purchased cost, ambient pressure",https://richardturton.faculty.wvu.edu/publications/analysis-synthesis-and-design-of-chemical-processes-5th-edition,
double_pipe_hx_towler_2010,Heat exchangers,Double pipe,"area, m^2",1,80,,,1900,2500,1,,,,,,,,,,offset power-law,2010,Carbon steel,Towler & Sinnott (2010) Table 7.2,,Purchased cost.,doi.org/10.1016/B978-0-12-821179-3.00007-8,
double_pipe_hx_turton_2001,Heat exchangers,Double pipe,"area, m^2",1,10,,,,,,,,,,3.3444,0.2745,-0.0472,,,log-log quadratic,2001,Carbon steel,Turton et al. (2018) Table A.1,,"Purchased cost, ambient pressure",https://richardturton.faculty.wvu.edu/publications/analysis-synthesis-and-design-of-chemical-processes-5th-edition,
double_pipe_seider_2013,Heat exchangers,Double-pipe,"outside surface area of the inner pipe, ft^2",2,200,,,,,,,,,,7.2718,0.16,0,,,ln-ln quadratic,2013,Carbon steel,Seider et al. (2016) Section 16.5,"CE Index = 567 (rounded); precise 2013 annual average = 567.3. Source also provides correction for pressure, alongside material correction.",f.o.b. purchase cost. Pressures up to 600 psig.,https://www.wiley.com/en-us/shop/general-introductory-chemical-engineering/product-and-process-design-principles-synthesis-analysis-and-evaluation-4th-edition-p-9781119282631,
fixed_tube_hx_turton_2001,Heat exchangers,Fixed tube,"area, m^2",10,1000,,,,,,,,,,4.3247,-0.303,0.1634,,,log-log quadratic,2001,Carbon steel,Turton et al. (2018) Table A.1,,"Purchased cost, ambient pressure",https://richardturton.faculty.wvu.edu/publications/analysis-synthesis-and-design-of-chemical-processes-5th-edition,
flat_plate_hx_turton_2001,Heat exchangers,Flat plate,"area, m^2",10,1000,,,,,,,,,,4.6656,-0.1557,0.1547,,,log-log quadratic,2001,Carbon steel,Turton et al. (2018) Table A.1,,"Purchased cost, ambient pressure",https://richardturton.faculty.wvu.edu/publications/analysis-synthesis-and-design-of-chemical-processes-5th-edition,
floating_head_hx_turton_2001,Heat exchangers,Floating head,"area, m^2",10,1000,,,,,,,,,,4.8306,-0.8509,0.3187,,,log-log quadratic,2001,Carbon steel,Turton et al. (2018) Table A.1,,"Purchased cost, ambient pressure",https://richardturton.faculty.wvu.edu/publications/analysis-synthesis-and-design-of-chemical-processes-5th-edition,
floating_head_shell_tube_hx_towler_2010,Heat exchangers,Floating head shell & tube,"area, m^2",10,1000,,,32000,70,1.2,,,,,,,,,,offset power-law,2010,Carbon steel,Towler & Sinnott (2010) Table 7.2 ,,Purchased cost.,doi.org/10.1016/B978-0-12-821179-3.00007-8,
hx_nexant_2006,Heat exchangers,Heat exchanger,"duty, MMBTU/h",,,,,0,277787.6606,0.6,,659.9,13.6584,0.6,,,,,,offset power-law,2006,n.a.,Nexant (2006),,,https://docs.nrel.gov/docs/fy06osti/39947.pdf,
kettle_reboiler_hx_turton_2001,Heat exchangers,Kettle reboiler,"area, m^2",10,100,,,,,,,,,,4.4646,-0.5277,0.3955,,,log-log quadratic,2001,Carbon steel,Turton et al. (2018) Table A.1,,"Purchased cost, ambient pressure",https://richardturton.faculty.wvu.edu/publications/analysis-synthesis-and-design-of-chemical-processes-5th-edition,
multiple_pipe_hx_turton_2001,Heat exchangers,Multiple pipe,"area, m^2",10,100,,,,,,,,,,2.7652,0.7282,0.0783,,,log-log quadratic,2001,Carbon steel,Turton et al. (2018) Table A.1,,"Purchased cost, ambient pressure",https://richardturton.faculty.wvu.edu/publications/analysis-synthesis-and-design-of-chemical-processes-5th-edition,
plate_fin_3streams_hx_esdu_1997,Heat exchangers,Plate & fin 3-streams,"volume, m^3",0.01,2,,,0,64011.496,0.33,,,,,,,,,,offset power-law,1997,n.a.,ESDU 97006,Curve-fitted. Originally reported in poundsterlling.,,https://www.esdu.com/cgi-bin/ps.pl?t=doc&p=esdu_97006a,
plate_fin_4to6_streams_hx_esdu_1997,Heat exchangers,Plate & fin 4-to-6-streams,"volume, m^3",0.01,2,,,0,81186.396,0.35,,,,,,,,,,offset power-law,1997,n.a.,ESDU 97006,Curve-fitted. Originally reported in poundsterlling.,,https://www.esdu.com/cgi-bin/ps.pl?t=doc&p=esdu_97006a,
plate_frame_hx_towler_2010,Heat exchangers,Plate & frame,"area, m^2",1,500,,,1600,210,0.95,,,,,,,,,,offset power-law,2010,304 stainless steel,Towler & Sinnott (2010) Table 7.2,,Purchased cost. Type 304 SS.,doi.org/10.1016/B978-0-12-821179-3.00007-8,
plate_frame_hx_seider_2013,Heat exchangers,Plate & frame,"heat-transfer area, ft^2",150,15000,,,0,10070,0.42,,,,,,,,,,offset power-law,2013,Stainless steel,Seider et al. (2016) Table 16.32,CE Index = 567 (rounded); precise 2013 annual average = 567.3 Default material 'Stainless steel' (unspecified grade) uses the 304 stainless steel material factor (fm=1.3) in Equipment.,f.o.b. purchase cost. Stainless steel.,https://www.wiley.com/en-us/shop/general-introductory-chemical-engineering/product-and-process-design-principles-synthesis-analysis-and-evaluation-4th-edition-p-9781119282631,
scraped_wall_hx_turton_2001,Heat exchangers,Scraped wall,"area, m^2",2,20,,,,,,,,,,3.7803,0.8569,0.0349,,,log-log quadratic,2001,Carbon steel,Turton et al. (2018) Table A.1,,"Purchased cost, ambient pressure",https://richardturton.faculty.wvu.edu/publications/analysis-synthesis-and-design-of-chemical-processes-5th-edition,
shell_tube_fixed_head_seider_2013,Heat exchangers,"Shell & tube, fixed head","tube outside surface area, ft^2",150,12000,,,,,,,,,,11.4185,-0.9228,0.09861,,,ln-ln quadratic,2013,Carbon steel,Seider et al. (2016) Section 16.5,"CE Index = 567 (rounded); precise 2013 annual average = 567.3. Source also provides correction for pressure and tube length, alongside material correction.","f.o.b. purchase cost. This includes 3/4- in. or 1- in. O.D., 16 BWG CS tubes, 20 ft long, on square or triangular pitch in a CS shell for use with shell-side pressures up to 100 psig.",https://www.wiley.com/en-us/shop/general-introductory-chemical-engineering/product-and-process-design-principles-synthesis-analysis-and-evaluation-4th-edition-p-9781119282631,
shell_tube_floating_head_seider_2013,Heat exchangers,"Shell & tube, floating head","tube outside surface area, ft^2",150,12000,,,,,,,,,,12.031,-0.8709,0.09005,,,ln-ln quadratic,2013,Carbon steel,Seider et al. (2016) Section 16.5,"CE Index = 567 (rounded); precise 2013 annual average = 567.3. Source also provides correction for pressure and tube length, alongside material correction.","f.o.b. purchase cost. This includes 3/4- in. or 1- in. O.D., 16 BWG CS tubes, 20 ft long, on square or triangular pitch in a CS shell for use with shell-side pressures up to 100 psig.",https://www.wiley.com/en-us/shop/general-introductory-chemical-engineering/product-and-process-design-principles-synthesis-analysis-and-evaluation-4th-edition-p-9781119282631,
shell_tube_kettle_vaporized_seider_2013,Heat exchangers,"Shell & tube, kettle-vaporizer","tube outside surface area, ft^2",150,12000,,,,,,,,,,12.331,-0.8709,0.09005,,,ln-ln quadratic,2013,Carbon steel,Seider et al. (2016) Section 16.5,"CE Index = 567 (rounded); precise 2013 annual average = 567.3. Source also provides correction for pressure and tube length, alongside material correction.","f.o.b. purchase cost. This includes 3/4- in. or 1- in. O.D., 16 BWG CS tubes, 20 ft long, on square or triangular pitch in a CS shell for use with shell-side pressures up to 100 psig.",https://www.wiley.com/en-us/shop/general-introductory-chemical-engineering/product-and-process-design-principles-synthesis-analysis-and-evaluation-4th-edition-p-9781119282631,
shell_tube_u-tube_seider_2013,Heat exchangers,"Shell & tube, U-tube","tube outside surface area, ft^2",150,12000,,,,,,,,,,11.551,-0.9186,0.0979,,,ln-ln quadratic,2013,Carbon steel,Seider et al. (2016) Section 16.5,"CE Index = 567 (rounded); precise 2013 annual average = 567.3. Source also provides correction for pressure and tube length, alongside material correction.","f.o.b. purchase cost. This includes 3/4- in. or 1- in. O.D., 16 BWG CS tubes, 20 ft long, on square or triangular pitch in a CS shell for use with shell-side pressures up to 100 psig.",https://www.wiley.com/en-us/shop/general-introductory-chemical-engineering/product-and-process-design-principles-synthesis-analysis-and-evaluation-4th-edition-p-9781119282631,
shell_tube_fixed_tube_perry_1996,Heat exchangers,"Shell-tube, fixed tube",m^2,1.9,1860,,,,,,,93,19109.02,0.59,,,,,,power-sizing,1996,Carbon steel,Perry (1997) Table 9-50, Cost escalated to 1996 via M&S Index (1036/1000).,Delivered cost.,https://books.google.nl/books/about/Perry_s_Chemical_Engineers_Handbook.html?id=n8B7QgAACAAJ&redir_esc=y,
shell_tube_floating_head_perry_1996,Heat exchangers,"Shell-tube, floating head",m^2,1.9,1860,,,,,,,93,22481.2,0.59,,,,,,power-sizing,1996,Carbon steel,Perry (1997) Table 9-50, Cost escalated to 1996 via M&S Index (1036/1000).,Delivered cost.,https://books.google.nl/books/about/Perry_s_Chemical_Engineers_Handbook.html?id=n8B7QgAACAAJ&redir_esc=y,
shell_tube_kettle_perry_1996,Heat exchangers,"Shell-tube, kettle",m^2,1.9,1860,,,,,,,93,30349.62,0.59,,,,,,power-sizing,1996,Carbon steel,Perry (1997) Table 9-50, Cost escalated to 1996 via M&S Index (1036/1000).,Delivered cost.,https://books.google.nl/books/about/Perry_s_Chemical_Engineers_Handbook.html?id=n8B7QgAACAAJ&redir_esc=y,
shell_tube_u_tube_perry_1996,Heat exchangers,"Shell-tube, U-tube",m^2,1.9,1860,,,,,,,93,19558.644,0.59,,,,,,power-sizing,1996,Carbon steel,Perry (1997) Table 9-50, Cost escalated to 1996 via M&S Index (1036/1000).,Delivered cost.,https://books.google.nl/books/about/Perry_s_Chemical_Engineers_Handbook.html?id=n8B7QgAACAAJ&redir_esc=y,
spiral_plate_hx_turton_2001,Heat exchangers,Spiral plate,"area, m^2",1,100,,,,,,,,,,4.6561,-0.2947,0.2207,,,log-log quadratic,2001,Carbon steel,Turton et al. (2018) Table A.1,,"Purchased cost, ambient pressure",https://richardturton.faculty.wvu.edu/publications/analysis-synthesis-and-design-of-chemical-processes-5th-edition,
spiral_plate_hx_seider_2013,Heat exchangers,Spiral plate,"heat-transfer area, ft^2",20,2000,,,0,7030,0.42,,,,,,,,,,offset power-law,2013,Stainless steel,Seider et al. (2016) Table 16.32,CE Index = 567 (rounded); precise 2013 annual average = 567.3 Default material 'Stainless steel' (unspecified grade) uses the 304 stainless steel material factor (fm=1.3) in Equipment.,f.o.b. purchase cost. Stainless steel.,https://www.wiley.com/en-us/shop/general-introductory-chemical-engineering/product-and-process-design-principles-synthesis-analysis-and-evaluation-4th-edition-p-9781119282631,
spiral_tube_hx_turton_2001,Heat exchangers,Spiral tube,"area, m^2",1,100,,,,,,,,,,3.9912,0.0668,0.243,,,log-log quadratic,2001,Carbon steel,Turton et al. (2018) Table A.1,,"Purchased cost, ambient pressure",https://richardturton.faculty.wvu.edu/publications/analysis-synthesis-and-design-of-chemical-processes-5th-edition,
spiral_tube_hx_seider_2013,Heat exchangers,Spiral tube,"heat-transfer area, ft^2",1,500,,,,,,,,,,8.2015,0.4343,0.03812,,,ln-ln quadratic,2013,Stainless steel,Seider et al. (2016) Table 16.32,CE Index = 567 (rounded); precise 2013 annual average = 567.3 Default material 'Stainless steel' (unspecified grade) uses the 304 stainless steel material factor (fm=1.3) in Equipment.,f.o.b. purchase cost. Stainless steel.,https://www.wiley.com/en-us/shop/general-introductory-chemical-engineering/product-and-process-design-principles-synthesis-analysis-and-evaluation-4th-edition-p-9781119282631,
teflon_tube_hx_turton_2001,Heat exchangers,Teflon tube,"area, m^2",1,10,,,,,,,,,,3.8062,0.8924,-0.1671,,,log-log quadratic,2001,Carbon steel,Turton et al. (2018) Table A.1,,"Purchased cost, ambient pressure",https://richardturton.faculty.wvu.edu/publications/analysis-synthesis-and-design-of-chemical-processes-5th-edition,
thermal_screw_including_motor_perry_1996,Heat exchangers,"Thermal screw, including motor",m^2,1.9,1860,,,,,,,93,34188,0.78,,,,,,power-sizing,1996,Carbon steel,Perry (1997) Table 9-50, Cost escalated to 1996 via M&S Index (1036/1000).,f.o.b cost. Excluding motor.,https://books.google.nl/books/about/Perry_s_Chemical_Engineers_Handbook.html?id=n8B7QgAACAAJ&redir_esc=y,
thermosiphon_reboiler_towler_2010,Heat exchangers,Thermosiphon reboiler,"area, m^2",10,500,,,30400,122,1.1,,,,,,,,,,offset power-law,2010,Carbon steel,Towler & Sinnott (2010) Table 7.2,,Purchased cost.,doi.org/10.1016/B978-0-12-821179-3.00007-8,
u-tube_hx_turton_2001,Heat exchangers,U-tube,"area, m^2",10,1000,,,,,,,,,,4.1884,-0.2503,0.1974,,,log-log quadratic,2001,Carbon steel,Turton et al. (2018) Table A.1,,"Purchased cost, ambient pressure",https://richardturton.faculty.wvu.edu/publications/analysis-synthesis-and-design-of-chemical-processes-5th-edition,
u_tube_kettle_reboiler_towler_2010,Heat exchangers,U-tube kettle reboiler,"area, m^2",10,500,,,29000,400,0.9,,,,,,,,,,offset power-law,2010,Carbon steel,Towler & Sinnott (2010) Table 7.2,,Purchased cost.,doi.org/10.1016/B978-0-12-821179-3.00007-8,
u_shell_tube_hx_towler_2010,Heat exchangers,U-tube shell & tube,"area, m^2",10,1000,,,28000,54,1.2,,,,,,,,,,offset power-law,2010,Carbon steel,Towler & Sinnott (2010) Table 7.2,,Purchased cost.,doi.org/10.1016/B978-0-12-821179-3.00007-8,
rdc_extractor_seider_2013,Liquid-liquid extractors,Rotating-disk contactor (RDC),"S = height x diameter^1.5, ft^2.5",3,2000,,,0,363,0.84,,,,,,,,,,offset power-law,2013,Carbon steel,Seider et al. (2016) Table 16.32,CE Index = 567 (rounded); precise 2013 annual average = 567.3,f.o.b. purchase cost.,https://www.wiley.com/en-us/shop/general-introductory-chemical-engineering/product-and-process-design-principles-synthesis-analysis-and-evaluation-4th-edition-p-9781119282631,
electric_motor_explosion_proof_1800_seider_2013,Motors & generators,"Electric motor, explosion-proof enclosure, 1,800 rpm ","motor power consumption, Hp",1,250,,,,,,,,,,6.4638,0.16829,-0.110056,0.071413,-0.0063788,ln-ln quadratic,2013,n.a.,Seider et al. (2016) Section 16.5,"CE Index = 567 (rounded); precise 2013 annual average = 567.3. Cost adapted from the base equipment (Eq. 16.19) with Type Factor F_T = 1.70 applied, adjusted to the ln-ln quadratic form.",f.o.b. purchase cost.,https://www.wiley.com/en-us/shop/general-introductory-chemical-engineering/product-and-process-design-principles-synthesis-analysis-and-evaluation-4th-edition-p-9781119282631,
electric_motor_explosion_proof_3600_seider_2013,Motors & generators,"Electric motor, explosion-proof enclosure, 3,600 rpm","motor power consumption, Hp",1,250,,,,,,,,,,6.521,0.16829,-0.110056,0.071413,-0.0063788,ln-ln quadratic,2013,n.a.,Seider et al. (2016) Section 16.5,"CE Index = 567 (rounded); precise 2013 annual average = 567.3. Cost adapted from the base equipment (Eq. 16.19) with Type Factor F_T = 1.80 applied, adjusted to the ln-ln quadratic form.",f.o.b. purchase cost.,https://www.wiley.com/en-us/shop/general-introductory-chemical-engineering/product-and-process-design-principles-synthesis-analysis-and-evaluation-4th-edition-p-9781119282631,
electric_motor_open_drip_1800_seider_2013,Motors & generators,"Electric motor, open drip-proof enclosure, 1,800 rpm","motor power consumption, Hp",1,700,,,,,,,,,,5.8278,0.16829,-0.110056,0.071413,-0.0063788,ln-ln quadratic,2013,n.a.,Seider et al. (2016) Section 16.5,"CE Index = 567 (rounded); precise 2013 annual average = 567.3. Cost adapted from the base equipment (Eq. 16.19) with Type Factor F_T = 0.90 applied, adjusted to the ln-ln quadratic form.",f.o.b. purchase cost.,https://www.wiley.com/en-us/shop/general-introductory-chemical-engineering/product-and-process-design-principles-synthesis-analysis-and-evaluation-4th-edition-p-9781119282631,
electric_motor_open_drip_3600_seider_2013,Motors & generators,"Electric motor, open drip-proof enclosure, 3,600 rpm","motor power consumption, Hp",1,700,,,,,,,,,,5.9332,0.16829,-0.110056,0.071413,-0.0063788,ln-ln quadratic,2013,n.a.,Seider et al. (2016) Section 16.5,CE Index = 567 (rounded); precise 2013 annual average = 567.3.,f.o.b. purchase cost.,https://www.wiley.com/en-us/shop/general-introductory-chemical-engineering/product-and-process-design-principles-synthesis-analysis-and-evaluation-4th-edition-p-9781119282631,
electric_motor_totally_enclosed_fan_cooled_1800_seider_2013,Motors & generators,"Electric motor, totally enclosed, fan-cooled, 1,800 rpm","motor power consumption, Hp",1,250,,,,,,,,,,6.1956,0.16829,-0.110056,0.071413,-0.0063788,ln-ln quadratic,2013,n.a.,Seider et al. (2016) Section 16.5,"CE Index = 567 (rounded); precise 2013 annual average = 567.3. Cost adapted from the base equipment (Eq. 16.19) with Type Factor F_T = 1.30 applied, adjusted to the ln-ln quadratic form.",f.o.b. purchase cost.,https://www.wiley.com/en-us/shop/general-introductory-chemical-engineering/product-and-process-design-principles-synthesis-analysis-and-evaluation-4th-edition-p-9781119282631,
electric_motor_totally_enclosed_fan_cooled_3600_seider_2013,Motors & generators,"Electric motor, totally enclosed, fan-cooled, 3,600 rpm","motor power consumption, Hp",1,250,,,,,,,,,,6.2697,0.16829,-0.110056,0.071413,-0.0063788,ln-ln quadratic,2013,n.a.,Seider et al. (2016) Section 16.5,"CE Index = 567 (rounded); precise 2013 annual average = 567.3. Cost adapted from the base equipment (Eq. 16.19) with Type Factor F_T = 1.40 applied, adjusted to the ln-ln quadratic form.",f.o.b. purchase cost.,https://www.wiley.com/en-us/shop/general-introductory-chemical-engineering/product-and-process-design-principles-synthesis-analysis-and-evaluation-4th-edition-p-9781119282631,
explosion-proof_turton_2001,Motors & generators,Explosion-proof,"shaft power, kW",75,2600,,,,,,,,,,2.4604,1.4191,-0.1798,,,log-log quadratic,2001,Carbon steel,Turton et al. (2018) Table A.1,,"Purchased cost, ambient pressure",https://richardturton.faculty.wvu.edu/publications/analysis-synthesis-and-design-of-chemical-processes-5th-edition,
explosion_proof_motor_towler_2010,Motors & generators,Explosion-proof motor,"shaft power, kW",1,2500,,,-1100,2100,0.6,,,,,,,,,,offset power-law,2010,Carbon steel,Towler & Sinnott (2010) Table 7.2,,Purchased cost.,doi.org/10.1016/B978-0-12-821179-3.00007-8,
explosion_proof_motor_ulrich_2003,Motors & generators,Explosion-proof motor,"shaft power, kW",2.5,5000,,,-206.374,177.886,0.923,,,,,,,,,,offset power-law,2003,n.a.,Ulrich (2003),,,http://www.ulrichvasudesign.com/index.html,
internal_combustion_engine_turton_2001,Motors & generators,Internal combustion engine,"shaft power, kW",10,10000,,,,,,,,,,2.7635,0.8574,-0.0098,,,log-log quadratic,2001,Carbon steel,Turton et al. (2018) Table A.1,,"Purchased cost, ambient pressure",https://richardturton.faculty.wvu.edu/publications/analysis-synthesis-and-design-of-chemical-processes-5th-edition,
internal_combustion_engine_seider_2013,Motors & generators,Internal combustion engine,"shaft power, Hp",100,4000,,,0,1588,0.75,,,,,,,,,,offset power-law,2013,Carbon steel,Seider et al. (2016) Table 16.32,CE Index = 567 (rounded); precise 2013 annual average = 567.3,f.o.b. purchase cost.,https://www.wiley.com/en-us/shop/general-introductory-chemical-engineering/product-and-process-design-principles-synthesis-analysis-and-evaluation-4th-edition-p-9781119282631,
large_motors_ac_induction_wound_rotor_tefc_perry_1996,Motors & generators,"Large motors, ac induction, wound rotor, TEFC",kW,18.6,149,,,,,,,52,19994.8,0.77,,,,,,power-sizing,1996,n.a.,Perry (1997) Table 9-50, Cost escalated to 1996 via M&S Index (1036/1000).,f.o.b cost.,https://books.google.nl/books/about/Perry_s_Chemical_Engineers_Handbook.html?id=n8B7QgAACAAJ&redir_esc=y,
open/dried-proof_turton_2001,Motors & generators,Open/dried-proof,"shaft power, kW",75,2600,,,,,,,,,,2.9508,1.0688,-0.1315,,,log-log quadratic,2001,Carbon steel,Turton et al. (2018) Table A.1,,"Purchased cost, ambient pressure",https://richardturton.faculty.wvu.edu/publications/analysis-synthesis-and-design-of-chemical-processes-5th-edition,
small_motors_ac_induction_wound_rotor_tefc_perry_1996,Motors & generators,"Small motors, ac induction, wound rotor, TEFC",kW,7.5,18.6,,,,,,,7.5,12742.8,0.56,,,,,,power-sizing,1996,n.a.,Perry (1997) Table 9-50, Cost escalated to 1996 via M&S Index (1036/1000).,f.o.b cost.,https://books.google.nl/books/about/Perry_s_Chemical_Engineers_Handbook.html?id=n8B7QgAACAAJ&redir_esc=y,
totally_enclosed_turton_2001,Motors & generators,Totally enclosed,"shaft power, kW",75,2600,,,,,,,,,,1.956,1.7142,-0.2282,,,log-log quadratic,2001,Carbon steel,Turton et al. (2018) Table A.1,,"Purchased cost, ambient pressure",https://richardturton.faculty.wvu.edu/publications/analysis-synthesis-and-design-of-chemical-processes-5th-edition,
totally_enclosed_motor_ulrich_2003,Motors & generators,Totally enclosed motor,"shaft power, kW",0.2,9000,,,6.567,116.02,0.921,,,,,,,,,,offset power-law,2003,n.a.,Ulrich (2003),,,http://www.ulrichvasudesign.com/index.html,
activated_alumina_seider_2013,Packings & adsorbents,Activated alumina,"bulk volume, ft^3",,,,,0,72,1,,,,,,,,,,offset power-law,2013,n.a.,Seider et al. (2016) Table 16.32,CE Index = 567 (rounded); precise 2013 annual average = 567.3,f.o.b. purchase cost.,https://www.wiley.com/en-us/shop/general-introductory-chemical-engineering/product-and-process-design-principles-synthesis-analysis-and-evaluation-4th-edition-p-9781119282631,https://www.wiley.com/en-us/shop/general-introductory-chemical-engineering/product-and-process-design-principles-synthesis-analysis-and-evaluation-4th-edition-p-9781119282631
activated_carbon_seider_2013,Packings & adsorbents,Activated carbon,"bulk volume, ft^3",,,,,0,41,1,,,,,,,,,,offset power-law,2013,n.a.,Seider et al. (2016) Table 16.32,CE Index = 567 (rounded); precise 2013 annual average = 567.3,f.o.b. purchase cost.,https://www.wiley.com/en-us/shop/general-introductory-chemical-engineering/product-and-process-design-principles-synthesis-analysis-and-evaluation-4th-edition-p-9781119282631,
berl_saddles_ce_1in_seider_2013,Packings & adsorbents,"Berl saddles, ceramic, 1 in. ","bulk volume, ft^3",,,,,0,50,1,,,,,,,,,,offset power-law,2013,Ceramic,Seider et al. (2016) Section 16.5,CE Index = 567 (rounded); precise 2013 annual average = 567.3.,Installed costs for dumped packings,https://www.wiley.com/en-us/shop/general-introductory-chemical-engineering/product-and-process-design-principles-synthesis-analysis-and-evaluation-4th-edition-p-9781119282631,
berl_saddles_ce_1.5in_seider_2013,Packings & adsorbents,"Berl saddles, ceramic, 1.5 in. ","bulk volume, ft^3",,,,,0,40,1,,,,,,,,,,offset power-law,2013,Ceramic,Seider et al. (2016) Section 16.5,CE Index = 567 (rounded); precise 2013 annual average = 567.3.,Installed costs for dumped packings,https://www.wiley.com/en-us/shop/general-introductory-chemical-engineering/product-and-process-design-principles-synthesis-analysis-and-evaluation-4th-edition-p-9781119282631,
berl_saddles_ce_2in_seider_2013,Packings & adsorbents,"Berl saddles, ceramic, 2 in. ","bulk volume, ft^3",,,,,0,32,1,,,,,,,,,,offset power-law,2013,Ceramic,Seider et al. (2016) Section 16.5,CE Index = 567 (rounded); precise 2013 annual average = 567.3.,Installed costs for dumped packings,https://www.wiley.com/en-us/shop/general-introductory-chemical-engineering/product-and-process-design-principles-synthesis-analysis-and-evaluation-4th-edition-p-9781119282631,
cascade_minirings_ce_1in_seider_2013,Packings & adsorbents,"Cascade minirings, ceramic, 1 in. ","bulk volume, ft^3",,,,,0,90,1,,,,,,,,,,offset power-law,2013,Ceramic,Seider et al. (2016) Section 16.5,CE Index = 567 (rounded); precise 2013 annual average = 567.3.,Installed costs for dumped packings,https://www.wiley.com/en-us/shop/general-introductory-chemical-engineering/product-and-process-design-principles-synthesis-analysis-and-evaluation-4th-edition-p-9781119282631,
cascade_minirings_ce_2in_seider_2013,Packings & adsorbents,"Cascade minirings, ceramic, 2 in. ","bulk volume, ft^3",,,,,0,80,1,,,,,,,,,,offset power-law,2013,Ceramic,Seider et al. (2016) Section 16.5,CE Index = 567 (rounded); precise 2013 annual average = 567.3.,Installed costs for dumped packings,https://www.wiley.com/en-us/shop/general-introductory-chemical-engineering/product-and-process-design-principles-synthesis-analysis-and-evaluation-4th-edition-p-9781119282631,
cascade_minirings_ce_3in_seider_2013,Packings & adsorbents,"Cascade minirings, ceramic, 3 in. ","bulk volume, ft^3",,,,,0,50,1,,,,,,,,,,offset power-law,2013,Ceramic,Seider et al. (2016) Section 16.5,CE Index = 567 (rounded); precise 2013 annual average = 567.3.,Installed costs for dumped packings,https://www.wiley.com/en-us/shop/general-introductory-chemical-engineering/product-and-process-design-principles-synthesis-analysis-and-evaluation-4th-edition-p-9781119282631,
cascade_minirings_ pp_1in_seider_2013,Packings & adsorbents,"Cascade minirings, polypropylene, 1 in. ","bulk volume, ft^3",,,,,0,90,1,,,,,,,,,,offset power-law,2013,Polypropylene,Seider et al. (2016) Section 16.5,CE Index = 567 (rounded); precise 2013 annual average = 567.3.,Installed costs for dumped packings,https://www.wiley.com/en-us/shop/general-introductory-chemical-engineering/product-and-process-design-principles-synthesis-analysis-and-evaluation-4th-edition-p-9781119282631,
cascade_minirings_ pp_2in_seider_2013,Packings & adsorbents,"Cascade minirings, polypropylene, 2 in. ","bulk volume, ft^3",,,,,0,80,1,,,,,,,,,,offset power-law,2013,Polypropylene,Seider et al. (2016) Section 16.5,CE Index = 567 (rounded); precise 2013 annual average = 567.3.,Installed costs for dumped packings,https://www.wiley.com/en-us/shop/general-introductory-chemical-engineering/product-and-process-design-principles-synthesis-analysis-and-evaluation-4th-edition-p-9781119282631,
cascade_minirings_ pp_3in_seider_2013,Packings & adsorbents,"Cascade minirings, polypropylene, 3 in. ","bulk volume, ft^3",,,,,0,50,1,,,,,,,,,,offset power-law,2013,Polypropylene,Seider et al. (2016) Section 16.5,CE Index = 567 (rounded); precise 2013 annual average = 567.3.,Installed costs for dumped packings,https://www.wiley.com/en-us/shop/general-introductory-chemical-engineering/product-and-process-design-principles-synthesis-analysis-and-evaluation-4th-edition-p-9781119282631,
cascade_minirings_ ss_1in_seider_2013,Packings & adsorbents,"Cascade minirings, stainless steel, 1 in. ","bulk volume, ft^3",,,,,0,130,1,,,,,,,,,,offset power-law,2013,Stainless steel,Seider et al. (2016) Section 16.5,CE Index = 567 (rounded); precise 2013 annual average = 567.3. Default material 'Stainless steel' (unspecified grade) uses the 304 stainless steel material factor (fm=1.3) in Equipment.,Installed costs for dumped packings,https://www.wiley.com/en-us/shop/general-introductory-chemical-engineering/product-and-process-design-principles-synthesis-analysis-and-evaluation-4th-edition-p-9781119282631,
cascade_minirings_ ss_1.5in_seider_2013,Packings & adsorbents,"Cascade minirings, stainless steel, 1.5 in. ","bulk volume, ft^3",,,,,0,100,1,,,,,,,,,,offset power-law,2013,Stainless steel,Seider et al. (2016) Section 16.5,CE Index = 567 (rounded); precise 2013 annual average = 567.3. Default material 'Stainless steel' (unspecified grade) uses the 304 stainless steel material factor (fm=1.3) in Equipment.,Installed costs for dumped packings,https://www.wiley.com/en-us/shop/general-introductory-chemical-engineering/product-and-process-design-principles-synthesis-analysis-and-evaluation-4th-edition-p-9781119282631,
cascade_minirings_ ss_2in_seider_2013,Packings & adsorbents,"Cascade minirings, stainless steel, 2 in. ","bulk volume, ft^3",,,,,0,80,1,,,,,,,,,,offset power-law,2013,Stainless steel,Seider et al. (2016) Section 16.5,CE Index = 567 (rounded); precise 2013 annual average = 567.3. Default material 'Stainless steel' (unspecified grade) uses the 304 stainless steel material factor (fm=1.3) in Equipment.,Installed costs for dumped packings,https://www.wiley.com/en-us/shop/general-introductory-chemical-engineering/product-and-process-design-principles-synthesis-analysis-and-evaluation-4th-edition-p-9781119282631,
cascade_minirings_ ss_3in_seider_2013,Packings & adsorbents,"Cascade minirings, stainless steel, 3 in. ","bulk volume, ft^3",,,,,0,60,1,,,,,,,,,,offset power-law,2013,Stainless steel,Seider et al. (2016) Section 16.5,CE Index = 567 (rounded); precise 2013 annual average = 567.3. Default material 'Stainless steel' (unspecified grade) uses the 304 stainless steel material factor (fm=1.3) in Equipment.,Installed costs for dumped packings,https://www.wiley.com/en-us/shop/general-introductory-chemical-engineering/product-and-process-design-principles-synthesis-analysis-and-evaluation-4th-edition-p-9781119282631,
cascade_minirings_ ss_4in_seider_2013,Packings & adsorbents,"Cascade minirings, stainless steel, 4 in. ","bulk volume, ft^3",,,,,0,50,1,,,,,,,,,,offset power-law,2013,Stainless steel,Seider et al. (2016) Section 16.5,CE Index = 567 (rounded); precise 2013 annual average = 567.3. Default material 'Stainless steel' (unspecified grade) uses the 304 stainless steel material factor (fm=1.3) in Equipment.,Installed costs for dumped packings,https://www.wiley.com/en-us/shop/general-introductory-chemical-engineering/product-and-process-design-principles-synthesis-analysis-and-evaluation-4th-edition-p-9781119282631,
intalox_saddles_ce_1-1.5in_seider_2013,Packings & adsorbents,"Intalox saddles, ceramic, 1-1.5 in. ","bulk volume, ft^3",,,,,0,40,1,,,,,,,,,,offset power-law,2013,Ceramic,Seider et al. (2016) Section 16.5,CE Index = 567 (rounded); precise 2013 annual average = 567.3.,Installed costs for dumped packings,https://www.wiley.com/en-us/shop/general-introductory-chemical-engineering/product-and-process-design-principles-synthesis-analysis-and-evaluation-4th-edition-p-9781119282631,
intalox_saddles_ce_2in_seider_2013,Packings & adsorbents,"Intalox saddles, ceramic, 2 in. ","bulk volume, ft^3",,,,,0,30,1,,,,,,,,,,offset power-law,2013,Ceramic,Seider et al. (2016) Section 16.5,CE Index = 567 (rounded); precise 2013 annual average = 567.3.,Installed costs for dumped packings,https://www.wiley.com/en-us/shop/general-introductory-chemical-engineering/product-and-process-design-principles-synthesis-analysis-and-evaluation-4th-edition-p-9781119282631,
intalox_saddles_ce_3in_seider_2013,Packings & adsorbents,"Intalox saddles, ceramic, 3 in. ","bulk volume, ft^3",,,,,0,22,1,,,,,,,,,,offset power-law,2013,Ceramic,Seider et al. (2016) Section 16.5,CE Index = 567 (rounded); precise 2013 annual average = 567.3.,Installed costs for dumped packings,https://www.wiley.com/en-us/shop/general-introductory-chemical-engineering/product-and-process-design-principles-synthesis-analysis-and-evaluation-4th-edition-p-9781119282631,
intalox_saddles_ pp_1in_seider_2013,Packings & adsorbents,"Intalox saddles, polypropylene, 1 in. ","bulk volume, ft^3",,,,,0,42,1,,,,,,,,,,offset power-law,2013,Polypropylene,Seider et al. (2016) Section 16.5,CE Index = 567 (rounded); precise 2013 annual average = 567.3.,Installed costs for dumped packings,https://www.wiley.com/en-us/shop/general-introductory-chemical-engineering/product-and-process-design-principles-synthesis-analysis-and-evaluation-4th-edition-p-9781119282631,
intalox_saddles_ pp_2in_seider_2013,Packings & adsorbents,"Intalox saddles, polypropylene, 2 in. ","bulk volume, ft^3",,,,,0,26,1,,,,,,,,,,offset power-law,2013,Polypropylene,Seider et al. (2016) Section 16.5,CE Index = 567 (rounded); precise 2013 annual average = 567.3.,Installed costs for dumped packings,https://www.wiley.com/en-us/shop/general-introductory-chemical-engineering/product-and-process-design-principles-synthesis-analysis-and-evaluation-4th-edition-p-9781119282631,
intalox_saddles_ pp_3in_seider_2013,Packings & adsorbents,"Intalox saddles, polypropylene, 3 in. ","bulk volume, ft^3",,,,,0,14,1,,,,,,,,,,offset power-law,2013,Polypropylene,Seider et al. (2016) Section 16.5,CE Index = 567 (rounded); precise 2013 annual average = 567.3.,Installed costs for dumped packings,https://www.wiley.com/en-us/shop/general-introductory-chemical-engineering/product-and-process-design-principles-synthesis-analysis-and-evaluation-4th-edition-p-9781119282631,
loose_packing_turton_2001,Packings & adsorbents,"Loose, for towers","volume, m^3",0.03,628,,,,,,,,,,2.4493,0.9744,0.0055,,,log-log quadratic,2001,Carbon steel,Turton et al. (2018) Table A.1,,"Purchased cost, ambient pressure",https://richardturton.faculty.wvu.edu/publications/analysis-synthesis-and-design-of-chemical-processes-5th-edition,
molecular_sieves_seider_2013,Packings & adsorbents,Molecular sieves,"bulk volume, ft^3",,,,,0,85,1,,,,,,,,,,offset power-law,2013,n.a.,Seider et al. (2016) Table 16.32,CE Index = 567 (rounded); precise 2013 annual average = 567.3,f.o.b. purchase cost.,https://www.wiley.com/en-us/shop/general-introductory-chemical-engineering/product-and-process-design-principles-synthesis-analysis-and-evaluation-4th-edition-p-9781119282631,
pall_rings_ cs_1in_seider_2013,Packings & adsorbents,"Pall rings, carbon steel, 1 in. ","bulk volume, ft^3",,,,,0,56,1,,,,,,,,,,offset power-law,2013,Carbon steel,Seider et al. (2016) Section 16.5,CE Index = 567 (rounded); precise 2013 annual average = 567.3.,Installed costs for dumped packings,https://www.wiley.com/en-us/shop/general-introductory-chemical-engineering/product-and-process-design-principles-synthesis-analysis-and-evaluation-4th-edition-p-9781119282631,
pall_rings_ cs_1.5in_seider_2013,Packings & adsorbents,"Pall rings, carbon steel, 1.5 in. ","bulk volume, ft^3",,,,,0,42,1,,,,,,,,,,offset power-law,2013,Carbon steel,Seider et al. (2016) Section 16.5,CE Index = 567 (rounded); precise 2013 annual average = 567.3.,Installed costs for dumped packings,https://www.wiley.com/en-us/shop/general-introductory-chemical-engineering/product-and-process-design-principles-synthesis-analysis-and-evaluation-4th-edition-p-9781119282631,
pall_rings_ cs_2in_seider_2013,Packings & adsorbents,"Pall rings, carbon steel, 2 in. ","bulk volume, ft^3",,,,,0,36,1,,,,,,,,,,offset power-law,2013,Carbon steel,Seider et al. (2016) Section 16.5,CE Index = 567 (rounded); precise 2013 annual average = 567.3.,Installed costs for dumped packings,https://www.wiley.com/en-us/shop/general-introductory-chemical-engineering/product-and-process-design-principles-synthesis-analysis-and-evaluation-4th-edition-p-9781119282631,
pall_rings_ pp_1in_seider_2013,Packings & adsorbents,"Pall rings, polypropylene, 1 in. ","bulk volume, ft^3",,,,,0,50,1,,,,,,,,,,offset power-law,2013,Polypropylene,Seider et al. (2016) Section 16.5,CE Index = 567 (rounded); precise 2013 annual average = 567.3.,Installed costs for dumped packings,https://www.wiley.com/en-us/shop/general-introductory-chemical-engineering/product-and-process-design-principles-synthesis-analysis-and-evaluation-4th-edition-p-9781119282631,
pall_rings_ pp_1.5in_seider_2013,Packings & adsorbents,"Pall rings, polypropylene, 1.5 in. ","bulk volume, ft^3",,,,,0,30,1,,,,,,,,,,offset power-law,2013,Polypropylene,Seider et al. (2016) Section 16.5,CE Index = 567 (rounded); precise 2013 annual average = 567.3.,Installed costs for dumped packings,https://www.wiley.com/en-us/shop/general-introductory-chemical-engineering/product-and-process-design-principles-synthesis-analysis-and-evaluation-4th-edition-p-9781119282631,
pall_rings_ pp_2in_seider_2013,Packings & adsorbents,"Pall rings, polypropylene, 2 in. ","bulk volume, ft^3",,,,,0,20,1,,,,,,,,,,offset power-law,2013,Polypropylene,Seider et al. (2016) Section 16.5,CE Index = 567 (rounded); precise 2013 annual average = 567.3.,Installed costs for dumped packings,https://www.wiley.com/en-us/shop/general-introductory-chemical-engineering/product-and-process-design-principles-synthesis-analysis-and-evaluation-4th-edition-p-9781119282631,
pall_rings_ pp_3in_seider_2013,Packings & adsorbents,"Pall rings, polypropylene, 3 in. ","bulk volume, ft^3",,,,,0,18,1,,,,,,,,,,offset power-law,2013,Polypropylene,Seider et al. (2016) Section 16.5,CE Index = 567 (rounded); precise 2013 annual average = 567.3.,Installed costs for dumped packings,https://www.wiley.com/en-us/shop/general-introductory-chemical-engineering/product-and-process-design-principles-synthesis-analysis-and-evaluation-4th-edition-p-9781119282631,
pall_rings_ ss_1in_seider_2013,Packings & adsorbents,"Pall rings, stainless steel, 1 in. ","bulk volume, ft^3",,,,,0,160,1,,,,,,,,,,offset power-law,2013,Stainless steel,Seider et al. (2016) Section 16.5,CE Index = 567 (rounded); precise 2013 annual average = 567.3. Default material 'Stainless steel' (unspecified grade) uses the 304 stainless steel material factor (fm=1.3) in Equipment.,Installed costs for dumped packings,https://www.wiley.com/en-us/shop/general-introductory-chemical-engineering/product-and-process-design-principles-synthesis-analysis-and-evaluation-4th-edition-p-9781119282631,
pall_rings_ ss_1.5in_seider_2013,Packings & adsorbents,"Pall rings, stainless steel, 1.5 in. ","bulk volume, ft^3",,,,,0,130,1,,,,,,,,,,offset power-law,2013,Stainless steel,Seider et al. (2016) Section 16.5,CE Index = 567 (rounded); precise 2013 annual average = 567.3. Default material 'Stainless steel' (unspecified grade) uses the 304 stainless steel material factor (fm=1.3) in Equipment.,Installed costs for dumped packings,https://www.wiley.com/en-us/shop/general-introductory-chemical-engineering/product-and-process-design-principles-synthesis-analysis-and-evaluation-4th-edition-p-9781119282631,
pall_rings_ ss_2in_seider_2013,Packings & adsorbents,"Pall rings, stainless steel, 2 in. ","bulk volume, ft^3",,,,,0,100,1,,,,,,,,,,offset power-law,2013,Stainless steel,Seider et al. (2016) Section 16.5,CE Index = 567 (rounded); precise 2013 annual average = 567.3. Default material 'Stainless steel' (unspecified grade) uses the 304 stainless steel material factor (fm=1.3) in Equipment.,Installed costs for dumped packings,https://www.wiley.com/en-us/shop/general-introductory-chemical-engineering/product-and-process-design-principles-synthesis-analysis-and-evaluation-4th-edition-p-9781119282631,
raschig_rings_ cs_1-1.5in_seider_2013,Packings & adsorbents,"Raschig rings, carbon steel, 1-1.5 in. ","bulk volume, ft^3",,,,,0,50,1,,,,,,,,,,offset power-law,2013,Carbon steel,Seider et al. (2016) Section 16.5,CE Index = 567 (rounded); precise 2013 annual average = 567.3.,Installed costs for dumped packings,https://www.wiley.com/en-us/shop/general-introductory-chemical-engineering/product-and-process-design-principles-synthesis-analysis-and-evaluation-4th-edition-p-9781119282631,
raschig_rings_ cs_2-3in_seider_2013,Packings & adsorbents,"Raschig rings, carbon steel, 2-3 in. ","bulk volume, ft^3",,,,,0,30,1,,,,,,,,,,offset power-law,2013,Carbon steel,Seider et al. (2016) Section 16.5,CE Index = 567 (rounded); precise 2013 annual average = 567.3.,Installed costs for dumped packings,https://www.wiley.com/en-us/shop/general-introductory-chemical-engineering/product-and-process-design-principles-synthesis-analysis-and-evaluation-4th-edition-p-9781119282631,
raschig_rings_ce_1-3in_seider_2013,Packings & adsorbents,"Raschig rings, ceramic, 1-3 in. ","bulk volume, ft^3",,,,,0,20,1,,,,,,,,,,offset power-law,2013,Ceramic,Seider et al. (2016) Section 16.5,CE Index = 567 (rounded); precise 2013 annual average = 567.3.,Installed costs for dumped packings,https://www.wiley.com/en-us/shop/general-introductory-chemical-engineering/product-and-process-design-principles-synthesis-analysis-and-evaluation-4th-edition-p-9781119282631,
raschig_rings_ ss_1in_seider_2013,Packings & adsorbents,"Raschig rings, stainless steel, 1 in. ","bulk volume, ft^3",,,,,0,150,1,,,,,,,,,,offset power-law,2013,Stainless steel,Seider et al. (2016) Section 16.5,CE Index = 567 (rounded); precise 2013 annual average = 567.3. Default material 'Stainless steel' (unspecified grade) uses the 304 stainless steel material factor (fm=1.3) in Equipment.,Installed costs for dumped packings,https://www.wiley.com/en-us/shop/general-introductory-chemical-engineering/product-and-process-design-principles-synthesis-analysis-and-evaluation-4th-edition-p-9781119282631,
raschig_rings_ ss_1.5in_seider_2013,Packings & adsorbents,"Raschig rings, stainless steel, 1.5 in. ","bulk volume, ft^3",,,,,0,116,1,,,,,,,,,,offset power-law,2013,Stainless steel,Seider et al. (2016) Section 16.5,CE Index = 567 (rounded); precise 2013 annual average = 567.3. Default material 'Stainless steel' (unspecified grade) uses the 304 stainless steel material factor (fm=1.3) in Equipment.,Installed costs for dumped packings,https://www.wiley.com/en-us/shop/general-introductory-chemical-engineering/product-and-process-design-principles-synthesis-analysis-and-evaluation-4th-edition-p-9781119282631,
raschig_rings_ ss_2-3in_seider_2013,Packings & adsorbents,"Raschig rings, stainless steel, 2-3 in. ","bulk volume, ft^3",,,,,0,80,1,,,,,,,,,,offset power-law,2013,Stainless steel,Seider et al. (2016) Section 16.5,CE Index = 567 (rounded); precise 2013 annual average = 567.3. Default material 'Stainless steel' (unspecified grade) uses the 304 stainless steel material factor (fm=1.3) in Equipment.,Installed costs for dumped packings,https://www.wiley.com/en-us/shop/general-introductory-chemical-engineering/product-and-process-design-principles-synthesis-analysis-and-evaluation-4th-edition-p-9781119282631,
silica_gel_seider_2013,Packings & adsorbents,Silica gel,"bulk volume, ft^3",,,,,0,210,1,,,,,,,,,,offset power-law,2013,n.a.,Seider et al. (2016) Table 16.32,CE Index = 567 (rounded); precise 2013 annual average = 567.3,f.o.b. purchase cost.,https://www.wiley.com/en-us/shop/general-introductory-chemical-engineering/product-and-process-design-principles-synthesis-analysis-and-evaluation-4th-edition-p-9781119282631,
structured_packing_corrugated-sheet_ss_seider_2013,Packings & adsorbents,"Structured packing, corrugated-sheet, stainless steel","bulk volume, ft^3",,,,,0,285,1,,,,,,,,,,offset power-law,2013,Stainless steel,Seider et al. (2016) Section 16.5,CE Index = 567 (rounded); precise 2013 annual average = 567.3. Default material 'Stainless steel' (unspecified grade) uses the 304 stainless steel material factor (fm=1.3) in Equipment.,Installed costs. Very approximate estimate in the absence of a vendor quote; installed cost data for structured packings are not widely available.,https://www.wiley.com/en-us/shop/general-introductory-chemical-engineering/product-and-process-design-principles-synthesis-analysis-and-evaluation-4th-edition-p-9781119282631,
tellerettes_ pe_1in_seider_2013,Packings & adsorbents,"Tellerettes, polyethylene, 1 in. ","bulk volume, ft^3",,,,,0,100,1,,,,,,,,,,offset power-law,2013,Polyethylene,Seider et al. (2016) Section 16.5,CE Index = 567 (rounded); precise 2013 annual average = 567.3.,Installed costs for dumped packings,https://www.wiley.com/en-us/shop/general-introductory-chemical-engineering/product-and-process-design-principles-synthesis-analysis-and-evaluation-4th-edition-p-9781119282631,
complex_network_fob_perry_1996,Piping,"Complex network, FOB","mm, nominal diameter",25,610,,,,,,,152,19.2696,1.33,,,,,,power-sizing,1996,n.a.,Perry (1997) Table 9-50, Cost escalated to 1996 via M&S Index (1036/1000).,Cost in US$/ft. f.o.b cost.,https://books.google.nl/books/about/Perry_s_Chemical_Engineers_Handbook.html?id=n8B7QgAACAAJ&redir_esc=y,
complex_network_inst_perry_1996,Piping,"Complex network, INST","mm, nominal diameter",25,610,,,,,,,152,125.2524,1.33,,,,,,power-sizing,1996,n.a.,Perry (1997) Table 9-50, Cost escalated to 1996 via M&S Index (1036/1000).,Cost in US$/ft. Installed cost.,https://books.google.nl/books/about/Perry_s_Chemical_Engineers_Handbook.html?id=n8B7QgAACAAJ&redir_esc=y,
typical_straight_run_fob_perry_1996,Piping,"Typical straight run, FOB","mm, nominal diameter",25,610,,,,,,,152,9.6348,1.33,,,,,,power-sizing,1996,n.a.,Perry (1997) Table 9-50, Cost escalated to 1996 via M&S Index (1036/1000).,Cost in US$/ft. f.o.b cost.,https://books.google.nl/books/about/Perry_s_Chemical_Engineers_Handbook.html?id=n8B7QgAACAAJ&redir_esc=y,
typical_straight_run_inst_perry_1996,Piping,"Typical straight run, INST","mm, nominal diameter",25,610,,,,,,,152,62.6262,1.33,,,,,,power-sizing,1996,n.a.,Perry (1997) Table 9-50, Cost escalated to 1996 via M&S Index (1036/1000).,Cost in US$/ft. Installed cost.,https://books.google.nl/books/about/Perry_s_Chemical_Engineers_Handbook.html?id=n8B7QgAACAAJ&redir_esc=y,
horizontal_vessel_turton_2001,Pressure vessels,Horizontal,"volume, m^3",0.1,628,,,,,,,,,,3.5565,0.3776,0.0905,,,log-log quadratic,2001,Carbon steel,Turton et al. (2018) Table A.1,,"Purchased cost, ambient pressure",https://richardturton.faculty.wvu.edu/publications/analysis-synthesis-and-design-of-chemical-processes-5th-edition,
horizontal_304ss_press_vessel_towler_2010,Pressure vessels,Horizontal 304SS,"shell mass, kg",120,50000,,,12800,73,0.85,,,,,,,,,,offset power-law,2010,Carbon steel,Towler & Sinnott (2010) Table 7.2,,"Purchased cost. Not including heads, ports, brackets, internals, etc.",doi.org/10.1016/B978-0-12-821179-3.00007-8,
horizontal_cs_press_vessel_towler_2010,Pressure vessels,Horizontal CS,"shell mass, kg",160,50000,,,10200,31,0.85,,,,,,,,,,offset power-law,2010,Carbon steel,Towler & Sinnott (2010) Table 7.2,,"Purchased cost. Not including heads, ports, brackets, internals, etc.",doi.org/10.1016/B978-0-12-821179-3.00007-8,
horizontal_drum_150_psig_perry_1996,Pressure vessels,Horizontal drum (150 psig),m^3,0.4,302,,,,,,,3.8,6526.8,0.62,,,,,,power-sizing,1996,Carbon steel,Perry (1997) Table 9-50, Cost escalated to 1996 via M&S Index (1036/1000).,,https://books.google.nl/books/about/Perry_s_Chemical_Engineers_Handbook.html?id=n8B7QgAACAAJ&redir_esc=y,
horizontal_vessel_seider_2013,Pressure vessels,Horizontal vessel,"weight of shell & two heads, lb",1000,920000,,,,,,,,,,5.6336,0.4599,0.00582,,,ln-ln quadratic,2013,Carbon steel,Seider et al. (2016) Section 16.5,CE Index = 567 (rounded); precise 2013 annual average = 567.3.,"f.o.b. purchase cost. Including nozzles, manholes, and supports, but not internals, platforms, or ladders",https://www.wiley.com/en-us/shop/general-introductory-chemical-engineering/product-and-process-design-principles-synthesis-analysis-and-evaluation-4th-edition-p-9781119282631,
horizontal_vessel_platform_ladder_seider_2013,Pressure vessels,Horizontal vessel platforms & ladders,"vessel's insider diameter, ft",3,12,,,0,2275,0.2094,,,,,,,,,,offset power-law,2013,Carbon steel,Seider et al. (2016) Section 16.5,CE Index = 567 (rounded); precise 2013 annual average = 567.3.,f.o.b. purchase cost. ,https://www.wiley.com/en-us/shop/general-introductory-chemical-engineering/product-and-process-design-principles-synthesis-analysis-and-evaluation-4th-edition-p-9781119282631,
vertical_vessel_turton_2001,Pressure vessels,Vertical,"volume, m^3",0.3,520,,,,,,,,,,3.4974,0.4485,0.1074,,,log-log quadratic,2001,Carbon steel,Turton et al. (2018) Table A.1,,"Purchased cost, ambient pressure",https://richardturton.faculty.wvu.edu/publications/analysis-synthesis-and-design-of-chemical-processes-5th-edition,
vertical_304ss_press_vessel_towler_2010,Pressure vessels,Vertical 304SS,"shell mass, kg",120,250000,,,17400,79,0.85,,,,,,,,,,offset power-law,2010,Carbon steel,Towler & Sinnott (2010) Table 7.2,,"Purchased cost. Not including heads, ports, brackets, internals, etc.",doi.org/10.1016/B978-0-12-821179-3.00007-8,
vertical_cs_press_vessel_towler_2010,Pressure vessels,Vertical CS,"shell mass, kg",160,250000,,,11600,34,0.85,,,,,,,,,,offset power-law,2010,Carbon steel,Towler & Sinnott (2010) Table 7.2,,"Purchased cost. Not including heads, ports, brackets, internals, etc.",doi.org/10.1016/B978-0-12-821179-3.00007-8,
vertical_vessel_seider_2013,Pressure vessels,Vertical vessel,"weight of shell & two heads, lb",4200,1000000,,,,,,,,,,7.139,0.18255,0.02297,,,ln-ln quadratic,2013,Carbon steel,Seider et al. (2016) Section 16.5,CE Index = 567 (rounded); precise 2013 annual average = 567.3.,"f.o.b. purchase cost. Including nozzles, manholes, and supports, but not internals, platforms, or ladders",https://www.wiley.com/en-us/shop/general-introductory-chemical-engineering/product-and-process-design-principles-synthesis-analysis-and-evaluation-4th-edition-p-9781119282631,
vertical_vessel_platform_ladder_seider_2013,Pressure vessels,Vertical vessel platforms & ladders,"vessel's insider diameter, ft & tangent-to-tangent length of the shell, ft",3,21,12,40,0,410,0.7396,0.70684,,,,,,,,,2-var power-law,2013,Carbon steel,Seider et al. (2016) Section 16.5,CE Index = 567 (rounded); precise 2013 annual average = 567.3.,f.o.b. purchase cost. ,https://www.wiley.com/en-us/shop/general-introductory-chemical-engineering/product-and-process-design-principles-synthesis-analysis-and-evaluation-4th-edition-p-9781119282631,
centrifugal_pump_turton_2001,Pumps,Centrifugal,"shaft power, kW",1,300,,,,,,,,,,3.3892,0.0536,0.1538,,,log-log quadratic,2001,Carbon steel,Turton et al. (2018) Table A.1,,"Purchased cost, ambient pressure",https://richardturton.faculty.wvu.edu/publications/analysis-synthesis-and-design-of-chemical-processes-5th-edition,
centrifugal_1-stage_1800_HSC_seider_2013,Pumps,"Centrifugal, 1-stage, 1800 rpm, HSC","flow capacity, gpm x sqrt[head, ft]",400,100000,,,,,,,,,,12.8587,-1.1448,0.0862,,,ln-ln quadratic,2013,Cast iron,Seider et al. (2016) Section 16.5,"CE Index = 567 (rounded); precise 2013 annual average = 567.3. Cost adapted from the base equipment (Eq. 16.14) with Type Factor F_T = 2.00 applied, adjusted to the ln-ln quadratic form.","f.o.b. purchase cost. Includes the base plate and driver coupling but not the motor. Flow rate range: 50-3,500 gpm. Head range: 50-200 ft. Max motor: 200 Hp.",https://www.wiley.com/en-us/shop/general-introductory-chemical-engineering/product-and-process-design-principles-synthesis-analysis-and-evaluation-4th-edition-p-9781119282631,
centrifugal_1-stage_1800_VSC_seider_2013,Pumps,"Centrifugal, 1-stage, 1800 rpm, VSC","flow capacity, gpm x sqrt[head, ft]",400,100000,,,,,,,,,,12.5711,-1.1448,0.0862,,,ln-ln quadratic,2013,Cast iron,Seider et al. (2016) Section 16.5,"CE Index = 567 (rounded); precise 2013 annual average = 567.3. Cost adapted from the base equipment (Eq. 16.14) with Type Factor F_T = 1.50 applied, adjusted to the ln-ln quadratic form. ","f.o.b. purchase cost. Includes the base plate and driver coupling but not the motor. Flow rate range: 50-3,500 gpm. Head range: 50-200 ft. Max motor: 200 Hp.",https://www.wiley.com/en-us/shop/general-introductory-chemical-engineering/product-and-process-design-principles-synthesis-analysis-and-evaluation-4th-edition-p-9781119282631,
centrifugal_1-stage_3600_HSC_seider_2013,Pumps,"Centrifugal, 1-stage, 3600 rpm, HSC","flow capacity, gpm x sqrt[head, ft]",400,100000,,,,,,,,,,12.6962,-1.1448,0.0862,,,ln-ln quadratic,2013,Cast iron,Seider et al. (2016) Section 16.5,"CE Index = 567 (rounded); precise 2013 annual average = 567.3. Cost adapted from the base equipment (Eq. 16.14) with Type Factor F_T = 1.70 applied, adjusted to the ln-ln quadratic form.","f.o.b. purchase cost. Includes the base plate and driver coupling but not the motor.  Flow rate range: 50-3,500 gpm. Head range: 50-200 ft. Max motor: 200 Hp.",https://www.wiley.com/en-us/shop/general-introductory-chemical-engineering/product-and-process-design-principles-synthesis-analysis-and-evaluation-4th-edition-p-9781119282631,
centrifugal_1-stage_3600_VSC_seider_2013,Pumps,"Centrifugal, 1-stage, 3600 rpm, VSC","flow capacity, gpm x sqrt[head, ft]",400,100000,,,,,,,,,,12.1656,-1.1448,0.0862,,,ln-ln quadratic,2013,Cast iron,Seider et al. (2016) Section 16.5,CE Index = 567 (rounded); precise 2013 annual average = 567.3.  ,f.o.b. purchase cost. Includes the base plate and driver coupling but not the motor. Flow rate range: 50-900 gpm. Head range: 50-400 ft. Max motor: 200 Hp.,https://www.wiley.com/en-us/shop/general-introductory-chemical-engineering/product-and-process-design-principles-synthesis-analysis-and-evaluation-4th-edition-p-9781119282631,
centrifugal_2+-stage_3600_VSC_seider_2013,Pumps,"Centrifugal, 2+-stage, 3600 rpm, HSC","flow capacity, gpm x sqrt[head, ft]",400,100000,,,,,,,,,,14.3517,-1.1448,0.0862,,,ln-ln quadratic,2013,Cast iron,Seider et al. (2016) Section 16.5,"CE Index = 567 (rounded); precise 2013 annual average = 567.3. Cost adapted from the base equipment (Eq. 16.14) with Type Factor F_T = 8.90 applied, adjusted to the ln-ln quadratic form.","f.o.b. purchase cost. Includes the base plate and driver coupling but not the motor. Flow rate range: 50-3,500 gpm. Head range: 50-200 ft. Max motor: 200 Hp.",https://www.wiley.com/en-us/shop/general-introductory-chemical-engineering/product-and-process-design-principles-synthesis-analysis-and-evaluation-4th-edition-p-9781119282631,
centrifugal_2-stage_3600_VSC_seider_2013,Pumps,"Centrifugal, 2-stage, 3600 rpm, HSC","flow capacity, gpm x sqrt[head, ft]",400,100000,,,,,,,,,,13.1589,-1.1448,0.0862,,,ln-ln quadratic,2013,Cast iron,Seider et al. (2016) Section 16.5,"CE Index = 567 (rounded); precise 2013 annual average = 567.3. Cost adapted from the base equipment (Eq. 16.14) with Type Factor F_T = 2.70 applied, adjusted to the ln-ln quadratic form.","f.o.b. purchase cost. Includes the base plate and driver coupling but not the motor. Flow rate range: 50-3,500 gpm. Head range: 50-200 ft. Max motor: 200 Hp.",https://www.wiley.com/en-us/shop/general-introductory-chemical-engineering/product-and-process-design-principles-synthesis-analysis-and-evaluation-4th-edition-p-9781119282631,
external_gear_pump_seider_2013,Pumps,External gear,"flow capacity, gpm",10,900,,,,,,,,,,8.2816,-0.2918,0.0743,,,ln-ln quadratic,2013,Cast iron,Seider et al. (2016) Section 16.5,CE Index = 567 (rounded); precise 2013 annual average = 567.3.,"f.o.b. purchase cost. Includes the base plate and driver
coupling, but not the electric motor",https://www.wiley.com/en-us/shop/general-introductory-chemical-engineering/product-and-process-design-principles-synthesis-analysis-and-evaluation-4th-edition-p-9781119282631,
large_centrifugal_including_motor_perry_1996,Pumps,"Large centrifugal, including motor",kW,30,300,,,,,,,74.6,4558.4,0.67,,,,,,power-sizing,1996,Carbon steel,Perry (1997) Table 9-50, Cost escalated to 1996 via M&S Index (1036/1000).,f.o.b cost. Excluding motor.,https://books.google.nl/books/about/Perry_s_Chemical_Engineers_Handbook.html?id=n8B7QgAACAAJ&redir_esc=y,
positive_displacement_pump_turton_2001,Pumps,Positive displacement,"shaft power, kW",1,100,,,,,,,,,,3.4771,0.135,0.1438,,,log-log quadratic,2001,Carbon steel,Turton et al. (2018) Table A.1,,"Purchased cost, ambient pressure",https://richardturton.faculty.wvu.edu/publications/analysis-synthesis-and-design-of-chemical-processes-5th-edition,
reciprocating_pump_turton_2001,Pumps,Reciprocating,"shaft power, kW",0.1,200,,,,,,,,,,3.8696,0.3161,0.122,,,log-log quadratic,2001,Carbon steel,Turton et al. (2018) Table A.1,,"Purchased cost, ambient pressure",https://richardturton.faculty.wvu.edu/publications/analysis-synthesis-and-design-of-chemical-processes-5th-edition,
reciprocating_plunger_pump_seider_2013,Pumps,Reciprocating plunger,"brake horsepower, BHp",10,900,,,,,,,,,,7.9361,0.26986,0.06718,,,ln-ln quadratic,2013,Ductile iron,Seider et al. (2016) Section 16.5,CE Index = 567 (rounded); precise 2013 annual average = 567.3.,f.o.b. purchase cost. Includes a V-belt drive but not the electric motor.,https://www.wiley.com/en-us/shop/general-introductory-chemical-engineering/product-and-process-design-principles-synthesis-analysis-and-evaluation-4th-edition-p-9781119282631,
single_stage_centrifugal_pump_towler_2010,Pumps,Single-stage centrifugal,"flow, L/s",0.2,126,,,8000,240,0.9,,,,,,,,,,offset power-law,2010,Carbon steel,Towler & Sinnott (2010) Table 7.2,,Purchased cost.,doi.org/10.1016/B978-0-12-821179-3.00007-8,
small_centrifugal_excluding_motor_perry_1996,Pumps,"Small centrifugal, excluding motor",kW,0.37,30,,,,,,,7.5,1657.6,0.3,,,,,,power-sizing,1996,Carbon steel,Perry (1997) Table 9-50, Cost escalated to 1996 via M&S Index (1036/1000).,f.o.b cost. Excluding motor.,https://books.google.nl/books/about/Perry_s_Chemical_Engineers_Handbook.html?id=n8B7QgAACAAJ&redir_esc=y,
autoclave_reactor_turton_2001,Reactors,Autoclave,"volume, m^3",1,15,,,,,,,,,,4.5587,0.2986,0.002,,,log-log quadratic,2001,Carbon steel,Turton et al. (2018) Table A.1,,"Purchased cost, ambient pressure",https://richardturton.faculty.wvu.edu/publications/analysis-synthesis-and-design-of-chemical-processes-5th-edition,
autoclave_glass_lined_seider_2013,Reactors,"Autoclave, glass lined","vessel volume, gal",30,4000,,,0,2085,0.54,,,,,,,,,,offset power-law,2013,n.a.,Seider et al. (2016) Table 16.32,CE Index = 567 (rounded); precise 2013 annual average = 567.3,f.o.b. purchase cost. Pressures to 300 psig. Includes turbine agitator and heat-transfer jacket.,https://www.wiley.com/en-us/shop/general-introductory-chemical-engineering/product-and-process-design-principles-synthesis-analysis-and-evaluation-4th-edition-p-9781119282631,
autoclave_stainless_steel_seider_2013,Reactors,"Autoclave, stainless steel","vessel volume, gal",30,2000,,,0,2245,0.58,,,,,,,,,,offset power-law,2013,n.a.,Seider et al. (2016) Table 16.32,CE Index = 567 (rounded); precise 2013 annual average = 567.3,f.o.b. purchase cost. Pressures to 300 psig. Includes turbine agitator and heat-transfer jacket.,https://www.wiley.com/en-us/shop/general-introductory-chemical-engineering/product-and-process-design-principles-synthesis-analysis-and-evaluation-4th-edition-p-9781119282631,
autoclave_steel_seider_2013,Reactors,"Autoclave, steel","vessel volume, gal",30,8000,,,0,1185,0.52,,,,,,,,,,offset power-law,2013,n.a.,Seider et al. (2016) Table 16.32,CE Index = 567 (rounded); precise 2013 annual average = 567.3,f.o.b. purchase cost. Pressures to 300 psig. Includes turbine agitator and heat-transfer jacket.,https://www.wiley.com/en-us/shop/general-introductory-chemical-engineering/product-and-process-design-principles-synthesis-analysis-and-evaluation-4th-edition-p-9781119282631,
fermenter_reactor_turton_2001,Reactors,Fermenter,"volume, m^3",0.1,35,,,,,,,,,,4.1052,0.532,-0.0005,,,log-log quadratic,2001,Carbon steel,Turton et al. (2018) Table A.1,,"Purchased cost, ambient pressure",https://richardturton.faculty.wvu.edu/publications/analysis-synthesis-and-design-of-chemical-processes-5th-edition,
jacketed_agitated_glass_lined_reactor_towler_2010,Reactors,Glass-lined agitated,"volume, m^3",0.5,25,,,12800,88200,0.4,,,,,,,,,,offset power-law,2010,Carbon steel,Towler & Sinnott (2010) Table 7.2,,Purchased cost.,doi.org/10.1016/B978-0-12-821179-3.00007-8,
indirect_fluidbed_ulrich_2003,Reactors,Indirect fluidized-bed,"volume, m^3",0.3,2400,,,12272.26,8973.191,0.647,,,,,,,,,,offset power-law,2003,n.a.,Ulrich (2003),,,http://www.ulrichvasudesign.com/index.html,
inoculum_tank_reactor_turton_2001,Reactors,Inoculum tank,"volume, m^3",0.07,1,,,,,,,,,,3.7957,0.4593,0.016,,,log-log quadratic,2001,Carbon steel,Turton et al. (2018) Table A.1,,"Purchased cost, ambient pressure",https://richardturton.faculty.wvu.edu/publications/analysis-synthesis-and-design-of-chemical-processes-5th-edition,
jacketed_agitated_reactor_towler_2010,Reactors,Jacketed agitated,"volume, m^3",0.5,100,,,61500,32500,0.8,,,,,,,,,,offset power-law,2010,Carbon steel,Towler & Sinnott (2010) Table 7.2,,Purchased cost.,doi.org/10.1016/B978-0-12-821179-3.00007-8,
jacketed_agitated_reactor_turton_2001,Reactors,Jacketed agitated,"volume, m^3",0.1,35,,,,,,,,,,4.1052,0.532,-0.0005,,,log-log quadratic,2001,Carbon steel,Turton et al. (2018) Table A.1,,"Purchased cost, ambient pressure",https://richardturton.faculty.wvu.edu/publications/analysis-synthesis-and-design-of-chemical-processes-5th-edition,
jacketed_nonagitated_reactor_turton_2001,Reactors,Jacketed nonagitated,"volume, m^3",5,45,,,,,,,,,,3.3496,0.7235,0.0025,,,log-log quadratic,2001,Carbon steel,Turton et al. (2018) Table A.1,,"Purchased cost, ambient pressure",https://richardturton.faculty.wvu.edu/publications/analysis-synthesis-and-design-of-chemical-processes-5th-edition,
jacketed_including_mixer_perry_1996,Reactors,"Jacketed, including mixer",m^3,0.04,15.1,,,,,,,0.38,9634.8,0.53,,,,,,power-sizing,1996,n.a.,Perry (1997) Table 9-50, Cost escalated to 1996 via M&S Index (1036/1000).,f.o.b cost.,https://books.google.nl/books/about/Perry_s_Chemical_Engineers_Handbook.html?id=n8B7QgAACAAJ&redir_esc=y,
mixers/settler_reactor_turton_2001,Reactors,Mixers/settler,"volume, m^3",0.04,60,,,,,,,,,,4.7116,0.4479,0.0004,,,log-log quadratic,2001,Carbon steel,Turton et al. (2018) Table A.1,,"Purchased cost, ambient pressure",https://richardturton.faculty.wvu.edu/publications/analysis-synthesis-and-design-of-chemical-processes-5th-edition,
tubular_fixed_bed_reactor_towler_2010,Reactors,Tubular fixed bed,"shell mass, kg",160,250000,,,12760,37.4,0.85,,,,,,,,,,offset power-law,2010,Carbon steel,Towler & Sinnott (2010) Table 7.2,Adjusted from vertical CS pressure vessel (Towler & Sinnott); +10% in a and b.,Purchased cost.,doi.org/10.1016/B978-0-12-821179-3.00007-8,
dsm_screen_turton_2001,Screens,DSM,"area, m^2",0.3,6,,,,,,,,,,3.805,0.5856,0.212,,,log-log quadratic,2001,Carbon steel,Turton et al. (2018) Table A.1,,"Purchased cost, ambient pressure",https://richardturton.faculty.wvu.edu/publications/analysis-synthesis-and-design-of-chemical-processes-5th-edition,
rotary_screen_turton_2001,Screens,Rotary,"area, m^2",0.3,15,,,,,,,,,,4.0485,0.1118,0.326,,,log-log quadratic,2001,Carbon steel,Turton et al. (2018) Table A.1,,"Purchased cost, ambient pressure",https://richardturton.faculty.wvu.edu/publications/analysis-synthesis-and-design-of-chemical-processes-5th-edition,
stationary_screen_turton_2001,Screens,Stationary,"area, m^2",2,11,,,,,,,,,,3.8219,1.0368,-0.605,,,log-log quadratic,2001,Carbon steel,Turton et al. (2018) Table A.1,,"Purchased cost, ambient pressure",https://richardturton.faculty.wvu.edu/publications/analysis-synthesis-and-design-of-chemical-processes-5th-edition,
vibrating_screen_turton_2001,Screens,Vibrating,"area, m^2",0.3,15,,,,,,,,,,4.0485,0.1118,0.326,,,log-log quadratic,2001,Carbon steel,Turton et al. (2018) Table A.1,,"Purchased cost, ambient pressure",https://richardturton.faculty.wvu.edu/publications/analysis-synthesis-and-design-of-chemical-processes-5th-edition,
vibrating_grizzlies_seider_2013,Screens,Vibrating grizzly,"surface area, ft^2",6,40,,,0,6575,0.34,,,,,,,,,,offset power-law,2013,Carbon steel,Seider et al. (2016) Table 16.32,CE Index = 567 (rounded); precise 2013 annual average = 567.3,f.o.b. purchase cost.,https://www.wiley.com/en-us/shop/general-introductory-chemical-engineering/product-and-process-design-principles-synthesis-analysis-and-evaluation-4th-edition-p-9781119282631,
vibrating_screen_1deck_seider_2013,Screens,"Vibrating screen, 1 deck","surface area, ft^2",32,60,,,0,1588,0.71,,,,,,,,,,offset power-law,2013,Carbon steel,Seider et al. (2016) Table 16.32,CE Index = 567 (rounded); precise 2013 annual average = 567.3,f.o.b. purchase cost.,https://www.wiley.com/en-us/shop/general-introductory-chemical-engineering/product-and-process-design-principles-synthesis-analysis-and-evaluation-4th-edition-p-9781119282631,
vibrating_screen_2deck_seider_2013,Screens,"Vibrating screen, 2 decks","surface area, ft^2",32,192,,,0,1395,0.78,,,,,,,,,,offset power-law,2013,Carbon steel,Seider et al. (2016) Table 16.32,CE Index = 567 (rounded); precise 2013 annual average = 567.3,f.o.b. purchase cost.,https://www.wiley.com/en-us/shop/general-introductory-chemical-engineering/product-and-process-design-principles-synthesis-analysis-and-evaluation-4th-edition-p-9781119282631,
vibrating_screen_3deck_seider_2013,Screens,"Vibrating screen, 3 decks","surface area, ft^2",48,192,,,0,1010,0.91,,,,,,,,,,offset power-law,2013,Carbon steel,Seider et al. (2016) Table 16.32,CE Index = 567 (rounded); precise 2013 annual average = 567.3,f.o.b. purchase cost.,https://www.wiley.com/en-us/shop/general-introductory-chemical-engineering/product-and-process-design-principles-synthesis-analysis-and-evaluation-4th-edition-p-9781119282631,
vibrating_single_deck_including_motor_perry_1996,Screens,"Vibrating, single-deck, including motor",m^2,14,65,,,,,,,46,10360,0.62,,,,,,power-sizing,1996,n.a.,Perry (1997) Table 9-50, Cost escalated to 1996 via M&S Index (1036/1000).,Delivered cost.,https://books.google.nl/books/about/Perry_s_Chemical_Engineers_Handbook.html?id=n8B7QgAACAAJ&redir_esc=y,
disk_agglomerators_seider_2013,Size enlargement,Disk agglomerator,"feed rate, lb/hr",800,80000,,,,,,,,,,10.8587,-0.4915,0.03648,,,ln-ln quadratic,2013,Carbon steel,Seider et al. (2016) Table 16.32,CE Index = 567 (rounded); precise 2013 annual average = 567.3,f.o.b. purchase cost.,https://www.wiley.com/en-us/shop/general-introductory-chemical-engineering/product-and-process-design-principles-synthesis-analysis-and-evaluation-4th-edition-p-9781119282631,
drum_agglomerators_seider_2013,Size enlargement,Drum agglomerator,"feed rate, lb/hr",800,240000,,,,,,,,,,11.5525,-0.5981,0.04451,,,ln-ln quadratic,2013,Carbon steel,Seider et al. (2016) Table 16.32,CE Index = 567 (rounded); precise 2013 annual average = 567.3,f.o.b. purchase cost.,https://www.wiley.com/en-us/shop/general-introductory-chemical-engineering/product-and-process-design-principles-synthesis-analysis-and-evaluation-4th-edition-p-9781119282631,
pellet_mills_seider_2013,Size enlargement,Pellet mill,"feed rate, lb/hr",800,80000,,,0,7938,0.11,,,,,,,,,,offset power-law,2013,Carbon steel,Seider et al. (2016) Table 16.32,CE Index = 567 (rounded); precise 2013 annual average = 567.3,f.o.b. purchase cost.,https://www.wiley.com/en-us/shop/general-introductory-chemical-engineering/product-and-process-design-principles-synthesis-analysis-and-evaluation-4th-edition-p-9781119282631,
pug_mill_extruders_seider_2013,Size enlargement,Pug mill extruder,"feed rate, lb/hr",80,40000,,,,,,,,,,9.6126,-0.01453,0.01019,,,ln-ln quadratic,2013,Carbon steel,Seider et al. (2016) Table 16.32,CE Index = 567 (rounded); precise 2013 annual average = 567.3,f.o.b. purchase cost.,https://www.wiley.com/en-us/shop/general-introductory-chemical-engineering/product-and-process-design-principles-synthesis-analysis-and-evaluation-4th-edition-p-9781119282631,
roll_type_presses_seider_2013,Size enlargement,Roll-type press,"feed rate, lb/hr",8000,140000,,,0,130,0.59,,,,,,,,,,offset power-law,2013,Carbon steel,Seider et al. (2016) Table 16.32,CE Index = 567 (rounded); precise 2013 annual average = 567.3,f.o.b. purchase cost.,https://www.wiley.com/en-us/shop/general-introductory-chemical-engineering/product-and-process-design-principles-synthesis-analysis-and-evaluation-4th-edition-p-9781119282631,
screw_extruders_seider_2013,Size enlargement,Screw extruder,"feed rate, lb/hr",8,800,,,,,,,,,,10.9186,0,0.02099,,,ln-ln quadratic,2013,Carbon steel,Seider et al. (2016) Table 16.32,CE Index = 567 (rounded); precise 2013 annual average = 567.3,f.o.b. purchase cost.,https://www.wiley.com/en-us/shop/general-introductory-chemical-engineering/product-and-process-design-principles-synthesis-analysis-and-evaluation-4th-edition-p-9781119282631,
tableting_presses_seider_2013,Size enlargement,Tableting press,"feed rate, lb/hr",800,8000,,,,,,,,,,9.2828,0.105,0.01885,,,ln-ln quadratic,2013,Carbon steel,Seider et al. (2016) Table 16.32,CE Index = 567 (rounded); precise 2013 annual average = 567.3,f.o.b. purchase cost.,https://www.wiley.com/en-us/shop/general-introductory-chemical-engineering/product-and-process-design-principles-synthesis-analysis-and-evaluation-4th-edition-p-9781119282631,
clarifier_concrete_seider_2013,Solid-liquid separators,"Clarifier, concrete","settling area, ft^2",8000,125000,,,0,2450,0.58,,,,,,,,,,offset power-law,2013,n.a.,Seider et al. (2016) Table 16.32,CE Index = 567 (rounded); precise 2013 annual average = 567.3,f.o.b. purchase cost. Concrete.,https://www.wiley.com/en-us/shop/general-introductory-chemical-engineering/product-and-process-design-principles-synthesis-analysis-and-evaluation-4th-edition-p-9781119282631,
clarifier_steel_seider_2013,Solid-liquid separators,"Clarifier, steel","settling area, ft^2",80,8000,,,0,3460,0.58,,,,,,,,,,offset power-law,2013,Carbon steel,Seider et al. (2016) Table 16.32,CE Index = 567 (rounded); precise 2013 annual average = 567.3,f.o.b. purchase cost.,https://www.wiley.com/en-us/shop/general-introductory-chemical-engineering/product-and-process-design-principles-synthesis-analysis-and-evaluation-4th-edition-p-9781119282631,
hydroclone_seider_2013,Solid-liquid separators,Hydroclone,"liquid feed rate, gal/min",8,1200,,,0,275,0.5,,,,,,,,,,offset power-law,2013,Carbon steel,Seider et al. (2016) Table 16.32,CE Index = 567 (rounded); precise 2013 annual average = 567.3,f.o.b. purchase cost.,https://www.wiley.com/en-us/shop/general-introductory-chemical-engineering/product-and-process-design-principles-synthesis-analysis-and-evaluation-4th-edition-p-9781119282631,
thickener_concrete_seider_2013,Solid-liquid separators,"Thickener, concrete","settling area, ft^2",8000,125000,,,0,2720,0.58,,,,,,,,,,offset power-law,2013,n.a.,Seider et al. (2016) Table 16.32,CE Index = 567 (rounded); precise 2013 annual average = 567.3,f.o.b. purchase cost. Concrete.,https://www.wiley.com/en-us/shop/general-introductory-chemical-engineering/product-and-process-design-principles-synthesis-analysis-and-evaluation-4th-edition-p-9781119282631,
thickener_steel_seider_2013,Solid-liquid separators,"Thickener, steel","settling area, ft^2",80,8000,,,0,3810,0.58,,,,,,,,,,offset power-law,2013,Carbon steel,Seider et al. (2016) Table 16.32,CE Index = 567 (rounded); precise 2013 annual average = 567.3,f.o.b. purchase cost.,https://www.wiley.com/en-us/shop/general-introductory-chemical-engineering/product-and-process-design-principles-synthesis-analysis-and-evaluation-4th-edition-p-9781119282631,
wet_classifier_seider_2013,Solid-liquid separators,Wet classifier (rake & spiral),"solids feed rate, lb/hr",8000,800000,,,0,0.018,1.33,,,,,,,,,,offset power-law,2013,Carbon steel,Seider et al. (2016) Table 16.32,CE Index = 567 (rounded); precise 2013 annual average = 567.3,f.o.b. purchase cost.,https://www.wiley.com/en-us/shop/general-introductory-chemical-engineering/product-and-process-design-principles-synthesis-analysis-and-evaluation-4th-edition-p-9781119282631,
bins_seider_2013,Solids-handling systems,Bin,"volume, ft^3",10,100000,,,0,646,0.46,,,,,,,,,,offset power-law,2013,Carbon steel,Seider et al. (2016) Table 16.32,CE Index = 567 (rounded); precise 2013 annual average = 567.3,"f.o.b. purchase cost. , atmospheric pressure.",https://www.wiley.com/en-us/shop/general-introductory-chemical-engineering/product-and-process-design-principles-synthesis-analysis-and-evaluation-4th-edition-p-9781119282631,
feeder_belt_seider_2013,Solids-handling systems,"Feeder, belt","volumetric flow rate, ft^3/hr",120,500,,,0,813,0.38,,,,,,,,,,offset power-law,2013,n.a.,Seider et al. (2016) Table 16.32,Labeled 'Filters' in source table; equipment description indicates this is a belt feeder. CE Index = 567 (rounded); precise 2013 annual average = 567.3,f.o.b. purchase cost. Includes motor and belt drive.,https://www.wiley.com/en-us/shop/general-introductory-chemical-engineering/product-and-process-design-principles-synthesis-analysis-and-evaluation-4th-edition-p-9781119282631,
feeder_screw_seider_2013,Solids-handling systems,"Feeder, screw","volumetric flow rate, ft^3/hr",400,10000,,,0,1094,0.22,,,,,,,,,,offset power-law,2013,n.a.,Seider et al. (2016) Table 16.32,Labeled 'Filters' in source table; equipment description indicates this is a screw feeder. CE Index = 567 (rounded); precise 2013 annual average = 567.3,f.o.b. purchase cost.,https://www.wiley.com/en-us/shop/general-introductory-chemical-engineering/product-and-process-design-principles-synthesis-analysis-and-evaluation-4th-edition-p-9781119282631,
feeder_vibratory_seider_2013,Solids-handling systems,"Feeder, vibratory","volumetric flow rate, ft^3/hr",40,900,,,0,466,0.9,,,,,,,,,,offset power-law,2013,n.a.,Seider et al. (2016) Table 16.32,Labeled 'Filters' in source table; equipment description indicates this is a vibratory feeder. CE Index = 567 (rounded); precise 2013 annual average = 567.3,f.o.b. purchase cost. Includes motor and belt drive.,https://www.wiley.com/en-us/shop/general-introductory-chemical-engineering/product-and-process-design-principles-synthesis-analysis-and-evaluation-4th-edition-p-9781119282631,
api-fixed_roof_tank_turton_2001,Tanks,API-fixed roof,"volume, m^3",90,30000,,,,,,,,,,4.8509,-0.3973,0.1445,,,log-log quadratic,2001,Carbon steel,Turton et al. (2018) Table A.1,,"Purchased cost, ambient pressure",https://richardturton.faculty.wvu.edu/publications/analysis-synthesis-and-design-of-chemical-processes-5th-edition,
api-floating_roof_tank_turton_2001,Tanks,API-floating roof,"volume, m^3",1000,40000,,,,,,,,,,5.9567,-0.7585,0.1749,,,log-log quadratic,2001,Carbon steel,Turton et al. (2018) Table A.1,,"Purchased cost, ambient pressure",https://richardturton.faculty.wvu.edu/publications/analysis-synthesis-and-design-of-chemical-processes-5th-edition,
atmospheric_horizontal_cylinder_perry_1996,Tanks,"Atmospheric, horizontal cylinder",m^3,0.4,151,,,,,,,3.8,4869.2,0.57,,,,,,power-sizing,1996,Carbon steel,Perry (1997) Table 9-50, Cost escalated to 1996 via M&S Index (1036/1000).,f.o.b cost.,https://books.google.nl/books/about/Perry_s_Chemical_Engineers_Handbook.html?id=n8B7QgAACAAJ&redir_esc=y,
cone_roof_tank_seider_2013,Tanks,Cone roof,"volume, gal",10000,1000000,,,0,265,0.513,,,,,,,,,,offset power-law,2013,Carbon steel,Seider et al. (2016) Table 16.32,CE Index = 567 (rounded); precise 2013 annual average = 567.3,"f.o.b. purchase cost. , pressure to 3 psig.",https://www.wiley.com/en-us/shop/general-introductory-chemical-engineering/product-and-process-design-principles-synthesis-analysis-and-evaluation-4th-edition-p-9781119282631,
cone_roof_tank_towler_2010,Tanks,Cone-roof tank,"capacity, m^3",10,4000,,,58000,1600,0.7,,,,,,,,,,offset power-law,2010,Carbon steel,Towler & Sinnott (2010) Table 7.2,,Purchased cost.,doi.org/10.1016/B978-0-12-821179-3.00007-8,
floating_roof_tank_seider_2013,Tanks,Floating roof,"volume, gal",30000,1000000,,,0,475,0.507,,,,,,,,,,offset power-law,2013,Carbon steel,Seider et al. (2016) Table 16.32,CE Index = 567 (rounded); precise 2013 annual average = 567.3,"f.o.b. purchase cost. , pressure to 3 psig.",https://www.wiley.com/en-us/shop/general-introductory-chemical-engineering/product-and-process-design-principles-synthesis-analysis-and-evaluation-4th-edition-p-9781119282631,
floating_roof_tank_towler_2010,Tanks,Floating-roof tank,"capacity, m^3",100,10000,,,113000,3250,0.65,,,,,,,,,,offset power-law,2010,Carbon steel,Towler & Sinnott (2010) Table 7.2,,Purchased cost.,doi.org/10.1016/B978-0-12-821179-3.00007-8,
gas_holder_seider_2013,Tanks,Gas holder,"volume, ft^3",4000,400000,,,0,3595,0.43,,,,,,,,,,offset power-law,2013,Carbon steel,Seider et al. (2016) Table 16.32,CE Index = 567 (rounded); precise 2013 annual average = 567.3,"f.o.b. purchase cost. , pressure to 3 psig.",https://www.wiley.com/en-us/shop/general-introductory-chemical-engineering/product-and-process-design-principles-synthesis-analysis-and-evaluation-4th-edition-p-9781119282631,
open_tank_fiberglass_seider_2013,Tanks,Open,"volume, gal",1000,30000,,,0,18,0.73,,,,,,,,,,offset power-law,2013,n.a.,Seider et al. (2016) Table 16.32,CE Index = 567 (rounded); precise 2013 annual average = 567.3,f.o.b. purchase cost. Fiberglass.,https://www.wiley.com/en-us/shop/general-introductory-chemical-engineering/product-and-process-design-principles-synthesis-analysis-and-evaluation-4th-edition-p-9781119282631,
spherical_tank_low_p_seider_2013,Tanks,"Spherical, 0-30 psig","volume, gal",10000,1000000,,,0,68,0.72,,,,,,,,,,offset power-law,2013,Carbon steel,Seider et al. (2016) Table 16.32,CE Index = 567 (rounded); precise 2013 annual average = 567.3,f.o.b. purchase cost.,https://www.wiley.com/en-us/shop/general-introductory-chemical-engineering/product-and-process-design-principles-synthesis-analysis-and-evaluation-4th-edition-p-9781119282631,
spherical_tank_high_p_seider_2013,Tanks,"Spherical, 30-200 psig","volume, gal",10000,750000,,,0,53,0.78,,,,,,,,,,offset power-law,2013,Carbon steel,Seider et al. (2016) Table 16.32,CE Index = 567 (rounded); precise 2013 annual average = 567.3,f.o.b. purchase cost.,https://www.wiley.com/en-us/shop/general-introductory-chemical-engineering/product-and-process-design-principles-synthesis-analysis-and-evaluation-4th-edition-p-9781119282631,
vertical_agitated_excluding_motor_perry_1996,Tanks,"Vertical agitated, excluding motor",m^3,0.4,76,,,,,,,3.8,12742.8,0.5,,,,,,power-sizing,1996,Carbon steel,Perry (1997) Table 9-50, Cost escalated to 1996 via M&S Index (1036/1000).,f.o.b cost. Including motor.,https://books.google.nl/books/about/Perry_s_Chemical_Engineers_Handbook.html?id=n8B7QgAACAAJ&redir_esc=y,
vertical_cylinder_perry_1996,Tanks,Vertical cylinder,m^3,0.4,76,,,,,,,3.8,3418.8,0.3,,,,,,power-sizing,1996,Carbon steel,Perry (1997) Table 9-50, Cost escalated to 1996 via M&S Index (1036/1000).,f.o.b cost.,https://books.google.nl/books/about/Perry_s_Chemical_Engineers_Handbook.html?id=n8B7QgAACAAJ&redir_esc=y,
vertical_jacketed_perry_1996,Tanks,Vertical jacketed,m^3,0.26,5.7,,,,,,,3.8,15540,0.57,,,,,,power-sizing,1996,Carbon steel,Perry (1997) Table 9-50, Cost escalated to 1996 via M&S Index (1036/1000).,f.o.b cost.,https://books.google.nl/books/about/Perry_s_Chemical_Engineers_Handbook.html?id=n8B7QgAACAAJ&redir_esc=y,
distillation_including_internals_trays_perry_1996,Towers,Distillation including internals (trays),"(feed, lb/year / 10^6)^0.65",300,30000,,,,,,,4000,3418800,1,,,,,,power-sizing,1996,n.a.,Perry (1997) Table 9-50, Cost escalated to 1996 via M&S Index (1036/1000).,Installed cost.,https://books.google.nl/books/about/Perry_s_Chemical_Engineers_Handbook.html?id=n8B7QgAACAAJ&redir_esc=y,
tower_platform_ladder_seider_2013,Towers,Platform & ladders for towers,"vessel's insider diameter, ft & tangent-to-tangent length of the shell, ft",3,24,27,170,0,341,0.63316,0.80161,,,,,,,,,2-var power-law,2013,Carbon steel,Seider et al. (2016) Section 16.5,CE Index = 567 (rounded); precise 2013 annual average = 567.3.,f.o.b. purchase cost. ,https://www.wiley.com/en-us/shop/general-introductory-chemical-engineering/product-and-process-design-principles-synthesis-analysis-and-evaluation-4th-edition-p-9781119282631,
tower_tray_n_packed_turton_2001,Towers,Tray and packed,"volume, m^3",0.3,520,,,,,,,,,,3.4974,0.4485,0.1074,,,log-log quadratic,2001,Carbon steel,Turton et al. (2018) Table A.1,,"Purchased cost, ambient pressure",https://richardturton.faculty.wvu.edu/publications/analysis-synthesis-and-design-of-chemical-processes-5th-edition,
vertical_pressure_vessel_for_separation_seider_2013,Towers,Vertical pressure vessels for separation,"weight of shell & two heads, lb",9000,2500000,,,,,,,,,,10.5449,-0.4672,0.05482,,,ln-ln quadratic,2013,Carbon steel,Seider et al. (2016) Section 16.5,CE Index = 567 (rounded); precise 2013 annual average = 567.3.,"f.o.b. purchase cost. Vertical pressure vessels for various separation operations, including distillation, absorption, and stripping. Including nozzles, manholes, a skirt, and internals, platforms (but not plates and/or packing)",https://www.wiley.com/en-us/shop/general-introductory-chemical-engineering/product-and-process-design-principles-synthesis-analysis-and-evaluation-4th-edition-p-9781119282631,
bubble_cap_tray_towler_2010,Trays,Bubble-cap,"column diameter, m",0.5,5,,,340,640,1.9,,,,,,,,,,offset power-law,2010,Carbon steel,Towler & Sinnott (2010) Table 7.2,,Purchased cost.,doi.org/10.1016/B978-0-12-821179-3.00007-8,
bubble_cap_tray_seider_2013,Trays,Bubble-cap,"inside tower diameter, ft",2,16,,,875.16,0.1482,,,,,,,,,,,exponential,2013,Carbon steel,Seider et al. (2016) Section 16.5,"CE Index = 567 (rounded); precise 2013 annual average = 567.3. Cost adapted from the base equipment (Eq. 16.67) with Type Factor F_T = 1.18 applied, adjusted to the exponential form. Source also provides correction for number of trays and material.",Installed cost. ,https://www.wiley.com/en-us/shop/general-introductory-chemical-engineering/product-and-process-design-principles-synthesis-analysis-and-evaluation-4th-edition-p-9781119282631,
trays_demisters_turton_2001,Trays,Demisters,"area, m^2",0.7,10.5,,,,,,,,,,3.2353,0.4838,0.3434,,,log-log quadratic,2001,Carbon steel,Turton et al. (2018) Table A.1,,"Purchased cost, ambient pressure",https://richardturton.faculty.wvu.edu/publications/analysis-synthesis-and-design-of-chemical-processes-5th-edition,
liquid_distributor_seider_2013,Trays,Liquid distributor,"column cross-sectional area, ft^2",,,,,0,140,1,,,,,,,,,,offset power-law,2013,n.a.,Seider et al. (2016) Section 16.5,CE Index = 567 (rounded); precise 2013 annual average = 567.3.,Installed costs. Very approximate estimate in the absence of a vendor quote; cost data for high-performance liquid distributors and redistributors are not widely available.,https://www.wiley.com/en-us/shop/general-introductory-chemical-engineering/product-and-process-design-principles-synthesis-analysis-and-evaluation-4th-edition-p-9781119282631,
sieve_tray_towler_2010,Trays,Sieve,"column diameter, m",0.5,5,,,130,440,1.8,,,,,,,,,,offset power-law,2010,Carbon steel,Towler & Sinnott (2010) Table 7.2,,"Purchased cost. Cost per tray, based on a stack of 30 trays.",doi.org/10.1016/B978-0-12-821179-3.00007-8,
trays_sieve_turton_2001,Trays,Sieve,"area, m^2",0.07,12.3,,,,,,,,,,2.9949,0.4465,0.3961,,,log-log quadratic,2001,Carbon steel,Turton et al. (2018) Table A.1,,"Purchased cost, ambient pressure",https://richardturton.faculty.wvu.edu/publications/analysis-synthesis-and-design-of-chemical-processes-5th-edition,
sieve_tray_seider_2013,Trays,Sieve,"inside tower diameter, ft",2,16,,,468,0.1482,,,,,,,,,,,exponential,2013,Carbon steel,Seider et al. (2016) Section 16.5,CE Index = 567 (rounded); precise 2013 annual average = 567.3. Source also provides correction for number of trays and material.,Installed cost. Cost per tray.,https://www.wiley.com/en-us/shop/general-introductory-chemical-engineering/product-and-process-design-principles-synthesis-analysis-and-evaluation-4th-edition-p-9781119282631,
valve_tray_towler_2010,Trays,Valve,"column diameter, m",0.5,5,,,210,400,1.9,,,,,,,,,,offset power-law,2010,Carbon steel,Towler & Sinnott (2010) Table 7.2,,Purchased cost.,doi.org/10.1016/B978-0-12-821179-3.00007-8,
trays_valve_turton_2001,Trays,Valve,"area, m^2",0.7,10.5,,,,,,,,,,3.3322,0.4838,0.3434,,,log-log quadratic,2001,Carbon steel,Turton et al. (2018) Table A.1,,"Purchased cost, ambient pressure",https://richardturton.faculty.wvu.edu/publications/analysis-synthesis-and-design-of-chemical-processes-5th-edition,
valve_tray_seider_2013,Trays,Valve,"inside tower diameter, ft",2,16,,,552.24,0.1482,,,,,,,,,,,exponential,2013,Carbon steel,Seider et al. (2016) Section 16.5,"CE Index = 567 (rounded); precise 2013 annual average = 567.3. Cost adapted from the base equipment (Eq. 16.67) with Type Factor F_T = 1.18 applied, adjusted to the exponential form. Source also provides correction for number of trays and material.",Installed cost. ,https://www.wiley.com/en-us/shop/general-introductory-chemical-engineering/product-and-process-design-principles-synthesis-analysis-and-evaluation-4th-edition-p-9781119282631,
axial_gas_turbine_ulrich_2003,Turbines,Axial gas turbine,"shaft power, kW",10,10000,,,-462.417,3191.121,0.597,,,,,,,,,,offset power-law,2003,n.a.,Ulrich (2003),,,http://www.ulrichvasudesign.com/index.html,
axial_gas_turbines_turton_2001,Turbines,Axial gas turbines,"fluid power, kW",100,4000,,,,,,,,,,2.7051,1.4398,-0.1776,,,log-log quadratic,2001,Carbon steel,Turton et al. (2018) Table A.1,,"Purchased cost, ambient pressure",https://richardturton.faculty.wvu.edu/publications/analysis-synthesis-and-design-of-chemical-processes-5th-edition,
condensing_steam_turbine_towler_2010,Turbines,Condensing steam turbine,"shaft power, kW",100,20000,,,-14000,1900,0.75,,,,,,,,,,offset power-law,2010,Carbon steel,Towler & Sinnott (2010) Table 7.2,,Purchased cost.,doi.org/10.1016/B978-0-12-821179-3.00007-8,
gas_expander_pressure_discharge_seider_2013,Turbines,"Gas expander, pressure discharge","power extracted, Hp",20,5000,,,0,600,0.81,,,,,,,,,,offset power-law,2013,Carbon steel,Seider et al. (2016) Table 16.32,CE Index = 567 (rounded); precise 2013 annual average = 567.3,f.o.b. purchase cost.,https://www.wiley.com/en-us/shop/general-introductory-chemical-engineering/product-and-process-design-principles-synthesis-analysis-and-evaluation-4th-edition-p-9781119282631,
gas_expander_vacuum_discharge_seider_2013,Turbines,"Gas expander, vacuum discharge","power extracted, Hp",200,8000,,,0,1350,0.81,,,,,,,,,,offset power-law,2013,Carbon steel,Seider et al. (2016) Table 16.32,CE Index = 567 (rounded); precise 2013 annual average = 567.3,f.o.b. purchase cost.,https://www.wiley.com/en-us/shop/general-introductory-chemical-engineering/product-and-process-design-principles-synthesis-analysis-and-evaluation-4th-edition-p-9781119282631,
gas_turbine_turton_2001,Turbines,Gas turbine,"shaft power, kW",7500,23000,,,,,,,,,,-21.7702,13.2175,-1.5279,,,log-log quadratic,2001,Carbon steel,Turton et al. (2018) Table A.1,,"Purchased cost, ambient pressure",https://richardturton.faculty.wvu.edu/publications/analysis-synthesis-and-design-of-chemical-processes-5th-edition,
gas_turbine_seider_2013,Turbines,Gas turbine,"shaft power, Hp",100,10000,,,0,2835,0.76,,,,,,,,,,offset power-law,2013,Carbon steel,Seider et al. (2016) Table 16.32,CE Index = 567 (rounded); precise 2013 annual average = 567.3,f.o.b. purchase cost.,https://www.wiley.com/en-us/shop/general-introductory-chemical-engineering/product-and-process-design-principles-synthesis-analysis-and-evaluation-4th-edition-p-9781119282631,
liquid_expander_seider_2013,Turbines,Liquid expander,"power extracted, Hp",150,2000,,,0,1590,0.7,,,,,,,,,,offset power-law,2013,Carbon steel,Seider et al. (2016) Table 16.32,CE Index = 567 (rounded); precise 2013 annual average = 567.3,f.o.b. purchase cost.,https://www.wiley.com/en-us/shop/general-introductory-chemical-engineering/product-and-process-design-principles-synthesis-analysis-and-evaluation-4th-edition-p-9781119282631,
radial_expander_ulrich_2003,Turbines,Radial expander,"shaft power, kW",2.5,1500,,,-295.849,1066.906,0.698,,,,,,,,,,offset power-law,2003,n.a.,Ulrich (2003),,,http://www.ulrichvasudesign.com/index.html,
radial_gas_liquid_expanders_turton_2001,Turbines,Radial gas/liquid expanders,"fluid power, kW",100,1500,,,,,,,,,,2.2476,1.4965,-0.1618,,,log-log quadratic,2001,Carbon steel,Turton et al. (2018) Table A.1,,"Purchased cost, ambient pressure",https://richardturton.faculty.wvu.edu/publications/analysis-synthesis-and-design-of-chemical-processes-5th-edition,
steam_turbine_kreutz_2002,Turbines,Steam turbine,"gross power, MWe",,,,,0,1841154.611,0.67,,136,49.495,0.67,,,,,,offset power-law,2002,n.a.,Kreutz (2002) ,,With condenser,doi.org/10.1016/j.ijhydene.2004.08.001,
steam_turbine_turton_2001,Turbines,Steam turbine,"shaft power, kW",70,7500,,,,,,,,,,2.6259,1.4398,-0.1776,,,log-log quadratic,2001,Carbon steel,Turton et al. (2018) Table A.1,,"Purchased cost, ambient pressure",https://richardturton.faculty.wvu.edu/publications/analysis-synthesis-and-design-of-chemical-processes-5th-edition,
steam_turbine_condensing_seider_2013,Turbines,"Steam turbine, condensing","shaft power, Hp",250,10000,,,0,28350,0.405,,,,,,,,,,offset power-law,2013,Carbon steel,Seider et al. (2016) Table 16.32,CE Index = 567 (rounded); precise 2013 annual average = 567.3,f.o.b. purchase cost.,https://www.wiley.com/en-us/shop/general-introductory-chemical-engineering/product-and-process-design-principles-synthesis-analysis-and-evaluation-4th-edition-p-9781119282631,
steam_turbine_noncondensing_seider_2013,Turbines,"Steam turbine, noncondensing","shaft power, Hp",250,10000,,,0,10660,0.41,,,,,,,,,,offset power-law,2013,Carbon steel,Seider et al. (2016) Table 16.32,CE Index = 567 (rounded); precise 2013 annual average = 567.3,f.o.b. purchase cost.,https://www.wiley.com/en-us/shop/general-introductory-chemical-engineering/product-and-process-design-principles-synthesis-analysis-and-evaluation-4th-edition-p-9781119282631,
cooling_tower_n_pumps_towler_2010,Utilities,Cooling tower & pumps,"flow, L/s",100,10000,,,170000,1500,0.9,,,,,,,,,,offset power-law,2010,Carbon steel,Towler & Sinnott (2010) Table 7.2,,Field assembly.,doi.org/10.1016/B978-0-12-821179-3.00007-8,
packaged_mechanical_refrigerator_towler_2010,Utilities,Packaged mechanical refrigerator,"evaporator duty, kW",50,1500,,,24000,3500,0.9,,,,,,,,,,offset power-law,2010,Carbon steel,Towler & Sinnott (2010) Table 7.2,,Purchased cost.,doi.org/10.1016/B978-0-12-821179-3.00007-8,
refrigeration_package_mechanical_perry_1996,Utilities,"Refrigeration, package mechanical",kW,35.2,3520,,,,,,,351.7,137788,0.73,,,,,,power-sizing,1996,n.a.,Perry (1997) Table 9-50, Cost escalated to 1996 via M&S Index (1036/1000).,Installed cost.,https://books.google.nl/books/about/Perry_s_Chemical_Engineers_Handbook.html?id=n8B7QgAACAAJ&redir_esc=y,
wastewater_primary_seider_2013,Utilities,"Wastewater treatment, primary","wastewater rate, gal/min",75,75000,,,0,16785,0.64,,,,,,,,,,offset power-law,2013,n.a.,Seider et al. (2016) Table 16.32,CE Index = 567 (rounded); precise 2013 annual average = 567.3,Bare-module cost,https://www.wiley.com/en-us/shop/general-introductory-chemical-engineering/product-and-process-design-principles-synthesis-analysis-and-evaluation-4th-edition-p-9781119282631,
wastewater_primary_secondary_seider_2013,Utilities,"Wastewater treatment, primary + secondary","wastewater rate, gal/min",75,75000,,,0,48760,0.64,,,,,,,,,,offset power-law,2013,n.a.,Seider et al. (2016) Table 16.32,CE Index = 567 (rounded); precise 2013 annual average = 567.3,Bare-module cost,https://www.wiley.com/en-us/shop/general-introductory-chemical-engineering/product-and-process-design-principles-synthesis-analysis-and-evaluation-4th-edition-p-9781119282631,
wastewater_primary_secondary_tertiary_seider_2013,Utilities,"Wastewater treatment, primary + secondary + tertiary","wastewater rate, gal/min",75,75000,,,0,99790,0.64,,,,,,,,,,offset power-law,2013,n.a.,Seider et al. (2016) Table 16.32,CE Index = 567 (rounded); precise 2013 annual average = 567.3,Bare-module cost,https://www.wiley.com/en-us/shop/general-introductory-chemical-engineering/product-and-process-design-principles-synthesis-analysis-and-evaluation-4th-edition-p-9781119282631,
water_ion_exchange_plant_towler_2010,Utilities,Water ion exchange plant,"flow, m^3/h",1,50,,,14000,6200,0.75,,,,,,,,,,offset power-law,2010,Carbon steel,Towler & Sinnott (2010) Table 7.2,,Purchased cost.,doi.org/10.1016/B978-0-12-821179-3.00007-8,
internal_coils_vaporizers_turton_2001,Vaporizers,Internal coils/jackets,"volume, m^3",1,100,,,,,,,,,,4,0.4321,0.17,,,log-log quadratic,2001,Carbon steel,Turton et al. (2018) Table A.1,,"Purchased cost, ambient pressure",https://richardturton.faculty.wvu.edu/publications/analysis-synthesis-and-design-of-chemical-processes-5th-edition,
jacketed_vessels_vaporizers_turton_2001,Vaporizers,Jacketed vessels,"volume, m^3",1,100,,,,,,,,,,3.8751,0.3328,0.1901,,,log-log quadratic,2001,Carbon steel,Turton et al. (2018) Table A.1,,"Purchased cost, ambient pressure",https://richardturton.faculty.wvu.edu/publications/analysis-synthesis-and-design-of-chemical-processes-5th-edition,
